教材順,カード順,異名,名前,時代,身分,生没年,イラスト説明1キャラ,イラスト説明1のタイトル,イラスト説明1,イラスト説明2キャラ,イラスト説明2のタイトル,イラスト説明2,効果名1,効果名2,どうしてQ,どうしてQキャラ,どうしてA,関ヶ原ではQ,関ヶ原ではQキャラ,関ヶ原ではA,関ヶ原の後Q,関ヶ原の後Qキャラ,関ヶ原の後A,クイズ,コメント,カード画像,東西,パラメータ1（兵数）,パラメータ2（知略）,パラメータ3（武勇）,パラメータ4（統率）,パラメータ5の名前,パラメータ5の値,家紋説明,家紋画像,家紋名
1,8,<ruby>貂<rt>てん</rt></ruby>の<ruby>皮<rt>かわ</rt></ruby>を<ruby>被<rt>かぶ</rt></ruby>った,<ruby>脇坂安治<rt>わきざかやすはる</rt></ruby>,<ruby>戦国<rt>せんごく</rt></ruby>/<ruby>江戸時代<rt>えどじだい</rt></ruby>,<ruby>武士<rt>ぶし</rt></ruby>・<ruby>水軍<rt>すいぐん</rt></ruby>・<ruby>西軍<rt>せいぐん</rt></ruby>・<ruby>洲本<rt>すもと</rt></ruby><ruby>藩<rt>はん</rt></ruby>,,未定,<ruby>貂<rt>てん</rt></ruby>,<ruby>脇坂<rt>わきさか</rt></ruby><ruby>家<rt>け</rt></ruby>は、<ruby>貂<rt>てん</rt></ruby>の<ruby>皮<rt>かわ</rt></ruby>を<ruby>代々<rt>だいだい</rt></ruby>の<ruby>旗印<rt>はたじるし</rt></ruby>にしたのよ。,未定,<ruby>伊予<rt>いよ</rt></ruby><ruby>札<rt>さつ</rt></ruby><ruby>縹<rt>あぐ</rt></ruby><ruby>糸下<rt>いとが</rt></ruby><ruby>散<rt>ばら</rt></ruby><ruby>紅<rt>べに</rt></ruby><ruby>糸威<rt>いとおどし</rt></ruby><ruby>胴丸<rt>どうまる</rt></ruby><ruby>具足<rt>ぐそく</rt></ruby>,これは<ruby>脇坂安治<rt>わきざかやすはる</rt></ruby>がつけていたと<ruby>言<rt>い</rt></ruby>われる<ruby>鎧<rt>よろい</rt></ruby>だ。<ruby>頭<rt>あたま</rt></ruby>の<ruby>飾<rt>かざ</rt></ruby>りが<ruby>特徴的<rt>とくちょうてき</rt></ruby>だな。,<ruby>虚<rt>うつ</rt></ruby>ろなる<ruby>七本槍<rt>しちほんやり</rt></ruby>,<ruby>中書島<rt>ちゅうしょじま</rt></ruby>,<ruby>脇坂安治<rt>わきざかやすはる</rt></ruby>さんはどうして<ruby>西軍<rt>せいぐん</rt></ruby>へ？,未定,まあ、<ruby>西軍<rt>せいぐん</rt></ruby>といっても<ruby>途中<rt>とちゅう</rt></ruby>で<ruby>小早川秀秋<rt>こばやかわひであき</rt></ruby>と<ruby>一<rt>いち</rt></ruby><ruby>緒<rt>いとぐち</rt></ruby>に<ruby>裏切<rt>うらぎ</rt></ruby>らせてもらったがな……。<ruby>元々<rt>もともと</rt></ruby><ruby>脇坂<rt>わきさか</rt></ruby>は<ruby>近江<rt>おうみ</rt></ruby>にいた<ruby>頃<rt>ころ</rt></ruby>の<ruby>友人<rt>ゆうじん</rt></ruby>、<ruby>藤堂高虎<rt>とうどうたかとら</rt></ruby><ruby>殿<rt>どの</rt></ruby>がいる<ruby>徳川<rt>とくがわ</rt></ruby>につこうと<ruby>思<rt>おも</rt></ruby>っていたのだが、<ruby>三成<rt>みつなり</rt></ruby>の<ruby>奴<rt>やつ</rt></ruby>が<ruby>邪魔<rt>じゃま</rt></ruby>しおってな……。やむなく<ruby>西軍<rt>せいぐん</rt></ruby>になったのさ。,<ruby>関ヶ原<rt>せきがはら</rt></ruby>では<ruby>西軍<rt>せいぐん</rt></ruby>を<ruby>裏切<rt>うらぎ</rt></ruby>ったってこと？,未定,まあな。<ruby>元々<rt>もともと</rt></ruby>、<ruby>高虎<rt>たかとら</rt></ruby><ruby>殿<rt>どの</rt></ruby>が<ruby>家康<rt>いえやす</rt></ruby><ruby>殿<rt>どの</rt></ruby>に、<ruby>裏切<rt>うらぎ</rt></ruby>っても<ruby>本領<rt>ほんりょう</rt></ruby>を<ruby>安堵<rt>あんど</rt></ruby>してくれるという<ruby>約束<rt>やくそく</rt></ruby>を<ruby>取<rt>と</rt></ruby>り<ruby>付<rt>つ</rt></ruby>けてくれていたのでな。<ruby>裏切<rt>うらぎ</rt></ruby>りそうな<ruby>雰囲気<rt>ふんいき</rt></ruby>があった<ruby>小早川秀秋<rt>こばやかわひであき</rt></ruby>の<ruby>備<rt>そな</rt></ruby>えだったワシは、<ruby>秀秋<rt>ひであき</rt></ruby>と<ruby>一<rt>いち</rt></ruby><ruby>緒<rt>いとぐち</rt></ruby>に<ruby>大谷吉継<rt>おおたによしつぐ</rt></ruby>を<ruby>攻撃<rt>こうげき</rt></ruby>したのじゃ。,じゃあ、<ruby>関ヶ原<rt>せきがはら</rt></ruby>の<ruby>後<rt>あと</rt></ruby>も<ruby>安泰<rt>あんたい</rt></ruby>だったの？,未定,そうじゃ。ワシと<ruby>同<rt>おな</rt></ruby>じように<ruby>裏切<rt>うらぎ</rt></ruby>った<ruby>奴<rt>やつ</rt></ruby>らは<ruby>減<rt>げん</rt></ruby><ruby>封<rt>ふう</rt></ruby>や<ruby>改易<rt>かいえき</rt></ruby>となる<ruby>中<rt>なか</rt></ruby>、ワシだけは<ruby>本領<rt>ほんりょう</rt></ruby>の<ruby>洲本<rt>すもと</rt></ruby>3<ruby>万<rt>まん</rt></ruby><ruby>石<rt>いし</rt></ruby>を<ruby>全<rt>すべ</rt></ruby>て<ruby>安堵<rt>あんど</rt></ruby>され、<ruby>領地<rt>りょうち</rt></ruby>を<ruby>失<rt>うしな</rt></ruby>うことはなかった。これも<ruby>高虎<rt>たかとら</rt></ruby><ruby>殿<rt>どの</rt></ruby>のおかげじゃ、と<ruby>思<rt>おも</rt></ruby>って<ruby>貞秀<rt>さだひで</rt></ruby>の<ruby>太刀<rt>たち</rt></ruby>を<ruby>贈<rt>おく</rt></ruby>ったぞ。,ワシが<ruby>高虎<rt>たかとら</rt></ruby><ruby>殿<rt>どの</rt></ruby>に<ruby>贈<rt>おく</rt></ruby>ったのはなんじゃ？,フフフ…<ruby>秀秋<rt>ひであき</rt></ruby>の<ruby>備<rt>そな</rt></ruby>えのワシが、まさか<ruby>共<rt>とも</rt></ruby>に<ruby>寝返<rt>ねがえ</rt></ruby>るとは<ruby>思<rt>おも</rt></ruby>うまい…。,,<ruby>西軍<rt>せいぐん</rt></ruby>,,,,,,,,,
2,13,<ruby>決断<rt>けつだん</rt></ruby>の<ruby>号砲<rt>ごうほう</rt></ruby>,<ruby>小早川秀秋<rt>こばやかわひであき</rt></ruby>,<ruby>戦国時代<rt>せんごくじだい</rt></ruby>,<ruby>武士<rt>ぶし</rt></ruby>・<ruby>西軍<rt>せいぐん</rt></ruby>・<ruby>岡山<rt>おかやま</rt></ruby><ruby>藩<rt>はん</rt></ruby>,,未定,<ruby>決断<rt>けつだん</rt></ruby>の<ruby>表情<rt>ひょうじょう</rt></ruby>,<ruby>一<rt>いち</rt></ruby><ruby>世<rt>よ</rt></ruby><ruby>一<rt>いち</rt></ruby><ruby>代<rt>だい</rt></ruby>の<ruby>裏切<rt>うらぎ</rt></ruby>り……<ruby>後<rt>あと</rt></ruby>で<ruby>汚名<rt>おめい</rt></ruby>を<ruby>被<rt>こうむ</rt></ruby>ることも<ruby>考<rt>かんが</rt></ruby>えてって、<ruby>相当<rt>そうとう</rt></ruby>な<ruby>重圧<rt>じゅうあつ</rt></ruby>よね,未定,<ruby>紫<rt>むらさき</rt></ruby><ruby>糸威<rt>いとおどし</rt></ruby><ruby>具足<rt>ぐそく</rt></ruby>、<ruby>鉄黒<rt>てつぐろ</rt></ruby><ruby>漆塗<rt>うるしぬり</rt></ruby><ruby>六<rt>ろく</rt></ruby><ruby>十<rt>じゅう</rt></ruby><ruby>二<rt>に</rt></ruby><ruby>間<rt>あいだ</rt></ruby><ruby>小<rt>しょう</rt></ruby><ruby>星兜<rt>ほしかぶと</rt></ruby>、<ruby>猩々緋<rt>しょうじょうひ</rt></ruby><ruby>羅紗<rt>らしゃ</rt></ruby><ruby>地<rt>ち</rt></ruby><ruby>違<rt>ちが</rt></ruby>い<ruby>鎌<rt>かま</rt></ruby><ruby>模様<rt>もよう</rt></ruby><ruby>陣羽織<rt>じんばおり</rt></ruby>,<ruby>兜<rt>かぶと</rt></ruby>の<ruby>後<rt>うし</rt></ruby>ろ<ruby>側<rt>がわ</rt></ruby>の<ruby>飾<rt>かざ</rt></ruby>り、<ruby>赤色<rt>あかいろ</rt></ruby>の<ruby>鎧<rt>よろい</rt></ruby>、そして<ruby>赤色<rt>あかいろ</rt></ruby>の<ruby>陣羽織<rt>じんばおり</rt></ruby>か……<ruby>随分<rt>ずいぶん</rt></ruby>と<ruby>派手<rt>はで</rt></ruby>な<ruby>格好<rt>かっこう</rt></ruby>だな。,<ruby>松尾<rt>まつお</rt></ruby><ruby>山<rt>やま</rt></ruby><ruby>下<rt>くだ</rt></ruby>れ,<ruby>太閤<rt>たいこう</rt></ruby>の<ruby>御<rt>ご</rt></ruby><ruby>養子<rt>ようし</rt></ruby>,<ruby>秀秋<rt>ひであき</rt></ruby>さんはどうして<ruby>西軍<rt>せいぐん</rt></ruby>に？,未定,ああ……それは<ruby>僕<rt>ぼく</rt></ruby>が<ruby>亡<rt>な</rt></ruby>き<ruby>太閤<rt>たいこう</rt></ruby>の<ruby>養子<rt>ようし</rt></ruby>だからだね。<ruby>僕<rt>ぼく</rt></ruby>は<ruby>豊臣秀次<rt>とよとみひでつぐ</rt></ruby>に<ruby>次<rt>つ</rt></ruby>ぐ<ruby>後継者<rt>こうけいしゃ</rt></ruby>だとされていたから<ruby>接待<rt>せったい</rt></ruby>とかしていたのに、<ruby>秀頼<rt>ひでより</rt></ruby>が<ruby>生<rt>う</rt></ruby>まれたらお<ruby>払<rt>はら</rt></ruby>い<ruby>箱<rt>ばこ</rt></ruby>。<ruby>小早川<rt>こばやかわ</rt></ruby>の<ruby>家<rt>いえ</rt></ruby>に<ruby>行<rt>い</rt></ruby>かされて、しかも<ruby>朝鮮<rt>ちょうせん</rt></ruby>から<ruby>帰<rt>かえ</rt></ruby>ってきたら<ruby>領地<rt>りょうち</rt></ruby>はぜーんぶ<ruby>召<rt>め</rt></ruby>し<ruby>上<rt>あ</rt></ruby>げられちゃったんだ。,それは……たしかに<ruby>裏切<rt>うらぎ</rt></ruby>りたくもなるかも……。,未定,そうさ。だから<ruby>僕<rt>ぼく</rt></ruby>は15000の<ruby>兵<rt>へい</rt></ruby>を<ruby>引<rt>ひ</rt></ruby>き<ruby>連<rt>つ</rt></ruby>れて<ruby>松尾<rt>まつお</rt></ruby><ruby>山<rt>やま</rt></ruby>に<ruby>陣取<rt>じんど</rt></ruby>ってやった。<ruby>麓<rt>ふもと</rt></ruby>には<ruby>大谷吉継<rt>おおたによしつぐ</rt></ruby>がいるからね。<ruby>横槍<rt>よこやり</rt></ruby>を<ruby>入<rt>い</rt></ruby>れてやれば<ruby>崩<rt>くず</rt></ruby>れない<ruby>訳<rt>わけ</rt></ruby>が<ruby>無<rt>な</rt></ruby>い。こうして、<ruby>関ヶ原<rt>せきがはら</rt></ruby>の<ruby>戦<rt>たたか</rt></ruby>いを<ruby>決定<rt>けってい</rt></ruby>づけたのさ。,その<ruby>後<rt>あと</rt></ruby>はどうなったの？  やっぱり<ruby>領地<rt>りょうち</rt></ruby><ruby>増<rt>ふ</rt></ruby>えた？,未定,<ruby>増<rt>ふ</rt></ruby>えたとも。<ruby>僕<rt>ぼく</rt></ruby>と<ruby>同<rt>おな</rt></ruby>じ<ruby>豊臣<rt>とよとみ</rt></ruby><ruby>一<rt>いち</rt></ruby><ruby>門<rt>もん</rt></ruby><ruby>衆<rt>しゅう</rt></ruby>だった<ruby>宇喜多<rt>うきた</rt></ruby><ruby>秀家<rt>ひでいえ</rt></ruby><ruby>殿<rt>どの</rt></ruby>の<ruby>領地<rt>りょうち</rt></ruby><ruby>岡山<rt>おかやま</rt></ruby>を<ruby>丸々<rt>まるまる</rt></ruby>もらったよ。だけど、<ruby>僕<rt>ぼく</rt></ruby>の<ruby>裏切<rt>うらぎ</rt></ruby>りは、<ruby>世間<rt>せけん</rt></ruby>から<ruby>恩知<rt>おんし</rt></ruby>らずの<ruby>卑怯者<rt>ひきょうもの</rt></ruby>って<ruby>言<rt>い</rt></ruby>われて……。……<ruby>恩<rt>おん</rt></ruby>って、なんだろうね？,<ruby>僕<rt>ぼく</rt></ruby>が<ruby>陣取<rt>じんど</rt></ruby>ったのはどこ？,<ruby>太閤<rt>たいこう</rt></ruby>の<ruby>養子<rt>ようし</rt></ruby>ってなんだよ！ずっと<ruby>冷遇<rt>れいぐう</rt></ruby>されてきた<ruby>恨<rt>うら</rt></ruby>み、<ruby>必<rt>かなら</rt></ruby>ず<ruby>晴<rt>は</rt></ruby>らす！,,<ruby>西軍<rt>せいぐん</rt></ruby>,,,,,,,,,
3,10,<ruby>不<rt>ふ</rt></ruby><ruby>認知<rt>にんち</rt></ruby>の<ruby>大名<rt>だいみょう</rt></ruby>,<ruby>長宗我部盛親<rt>ちょうそかべもりちか</rt></ruby>,<ruby>戦国<rt>せんごく</rt></ruby>/<ruby>江戸時代<rt>えどじだい</rt></ruby>,<ruby>武士<rt>ぶし</rt></ruby>・<ruby>西軍<rt>せいぐん</rt></ruby>・<ruby>教育者<rt>きょういくしゃ</rt></ruby>,,未定,<ruby>悔<rt>くや</rt></ruby>しがる<ruby>表情<rt>ひょうじょう</rt></ruby>,<ruby>認<rt>みと</rt></ruby>めてもらいたくて<ruby>戦<rt>たたか</rt></ruby>いに<ruby>来<rt>き</rt></ruby>たのに、<ruby>何<rt>なに</rt></ruby>も<ruby>出来<rt>でき</rt></ruby>なかったなんて……。,未定,<ruby>閉<rt>と</rt></ruby>ざされた<ruby>南<rt>みなみ</rt></ruby><ruby>宮山<rt>みややま</rt></ruby>,<ruby>吉川<rt>きっかわ</rt></ruby><ruby>広家<rt>ひろいえ</rt></ruby>に<ruby>行<rt>ゆ</rt></ruby>く<ruby>手<rt>て</rt></ruby>を<ruby>塞<rt>ふさ</rt></ruby>がれた<ruby>盛親<rt>もりちか</rt></ruby>は<ruby>身動<rt>みうご</rt></ruby>きが<ruby>取<rt>と</rt></ruby>れなかったのよ。,<ruby>頭打<rt>あたまう</rt></ruby>ちの<ruby>大将<rt>たいしょう</rt></ruby>,<ruby>郷士<rt>ごうし</rt></ruby><ruby>愛<rt>あい</rt></ruby>,<ruby>長宗我部盛親<rt>ちょうそかべもりちか</rt></ruby>さんはどうして<ruby>西軍<rt>せいぐん</rt></ruby>についたの？,未定,<ruby>認<rt>みと</rt></ruby>めて<ruby>欲<rt>ほ</rt></ruby>しかったのだ。<ruby>俺<rt>おれ</rt></ruby>が<ruby>正式<rt>せいしき</rt></ruby>な<ruby>長宗我部<rt>ちょうそかべ</rt></ruby>の<ruby>当主<rt>とうしゅ</rt></ruby>であると。<ruby>本来<rt>ほんらい</rt></ruby>、<ruby>四<rt>よん</rt></ruby><ruby>男<rt>おとこ</rt></ruby>の<ruby>俺<rt>おれ</rt></ruby>は<ruby>家督<rt>かとく</rt></ruby>なんか<ruby>継<rt>つ</rt></ruby>ぐ<ruby>立場<rt>たちば</rt></ruby>になかったんだが、<ruby>長男<rt>ちょうなん</rt></ruby>の<ruby>信親<rt>のぶちか</rt></ruby>が<ruby>戦死<rt>せんし</rt></ruby>すると<ruby>親父<rt>おやじ</rt></ruby>の<ruby>元親<rt>もとちか</rt></ruby>は、<ruby>次男<rt>じなん</rt></ruby><ruby>三<rt>さん</rt></ruby><ruby>男<rt>おとこ</rt></ruby>を<ruby>飛<rt>と</rt></ruby>ばして<ruby>俺<rt>おれ</rt></ruby>を<ruby>指名<rt>しめい</rt></ruby>したんだ。<ruby>五<rt>ご</rt></ruby><ruby>奉行<rt>ぶぎょう</rt></ruby>の<ruby>増田長盛<rt>ましたながもり</rt></ruby><ruby>殿<rt>どの</rt></ruby>ぐらいだ、<ruby>俺<rt>おれ</rt></ruby>のこと<ruby>認<rt>みと</rt></ruby>めてたの。,それで、<ruby>関ヶ原<rt>せきがはら</rt></ruby>の<ruby>戦<rt>たたか</rt></ruby>いではどうなったの？,未定,<ruby>何<rt>なに</rt></ruby>も<ruby>出来<rt>でき</rt></ruby>なかった……。<ruby>何<rt>なに</rt></ruby>もッ、<ruby>出来<rt>でき</rt></ruby>なかったんだよ！  あの<ruby>吉川<rt>きっかわ</rt></ruby><ruby>広家<rt>ひろいえ</rt></ruby>とかいうクソ<ruby>野郎<rt>やろう</rt></ruby>が<ruby>俺<rt>おれ</rt></ruby>の<ruby>真正面<rt>ましょうめん</rt></ruby>を<ruby>塞<rt>ふさ</rt></ruby>いで<ruby>全<rt>まった</rt></ruby>く<ruby>動<rt>うご</rt></ruby>かなかったんだ！  <ruby>俺<rt>おれ</rt></ruby>は！  <ruby>負<rt>ま</rt></ruby>けることも<ruby>出来<rt>でき</rt></ruby>なかったんだ……ッ！,そんな<ruby>事<rt>こと</rt></ruby>があったのね……。でも、そこで<ruby>終<rt>お</rt></ruby>わりじゃなかったんでしょ？,未定,そうだ。<ruby>土佐<rt>とさ</rt></ruby><ruby>一<rt>いち</rt></ruby><ruby>国<rt>くに</rt></ruby><ruby>丸々<rt>まるまる</rt></ruby><ruby>失<rt>うしな</rt></ruby>ったが、<ruby>俺<rt>おれ</rt></ruby>は<ruby>京都<rt>きょうと</rt></ruby>で<ruby>寺子屋<rt>てらこや</rt></ruby>を<ruby>開<rt>ひら</rt></ruby>いて<ruby>潜伏<rt>せんぷく</rt></ruby>することにした。そして<ruby>関ヶ原<rt>せきがはら</rt></ruby>から14<ruby>年<rt>ねん</rt></ruby><ruby>後<rt>ご</rt></ruby>、ついに<ruby>豊臣<rt>とよとみ</rt></ruby><ruby>秀頼<rt>ひでより</rt></ruby>からお<ruby>呼<rt>よ</rt></ruby>びがかかってな、<ruby>大坂<rt>おおさか</rt></ruby>の<ruby>陣<rt>じん</rt></ruby>に<ruby>出撃<rt>しゅつげき</rt></ruby>することになるぞ。,<ruby>俺<rt>おれ</rt></ruby>はどこの<ruby>出身<rt>しゅっしん</rt></ruby>だと<ruby>思<rt>おも</rt></ruby>うか？  <ruby>当<rt>あ</rt></ruby>ててみてくれ。,まさか、このまま<ruby>何<rt>なに</rt></ruby>もできぬまま<ruby>終<rt>お</rt></ruby>わるのか？<ruby>終<rt>お</rt></ruby>われぬ…<ruby>終<rt>お</rt></ruby>われぬぞ…！,,<ruby>西軍<rt>せいぐん</rt></ruby>,,,,,,,,,
4,11,うつけ<ruby>揺蕩<rt>たゆた</rt></ruby>う,<ruby>吉川<rt>きっかわ</rt></ruby><ruby>広家<rt>ひろいえ</rt></ruby>,<ruby>戦国<rt>せんごく</rt></ruby>/<ruby>江戸時代<rt>えどじだい</rt></ruby>,<ruby>武士<rt>ぶし</rt></ruby>・<ruby>西軍<rt>せいぐん</rt></ruby>・<ruby>長州<rt>ちょうしゅう</rt></ruby><ruby>藩<rt>はん</rt></ruby>,,未定,<ruby>南<rt>みなみ</rt></ruby><ruby>宮山<rt>みややま</rt></ruby>,この<ruby>山<rt>やま</rt></ruby>、<ruby>随分<rt>ずいぶん</rt></ruby><ruby>多<rt>おお</rt></ruby>くの<ruby>兵<rt>へい</rt></ruby>がいるようだが、<ruby>全員<rt>ぜんいん</rt></ruby>を<ruby>足止<rt>あしど</rt></ruby>めしているのか？,未定,<ruby>三<rt>さん</rt></ruby><ruby>巴<rt>ともえ</rt></ruby><ruby>具足<rt>ぐそく</rt></ruby>,<ruby>通常<rt>つうじょう</rt></ruby>の<ruby>兜<rt>かぶと</rt></ruby>のイメージとは<ruby>異<rt>こと</rt></ruby>なる<ruby>奇抜<rt>きばつ</rt></ruby>な<ruby>形<rt>かたち</rt></ruby>をしているな。,<ruby>三本<rt>さんぼん</rt></ruby>の<ruby>矢<rt>や</rt></ruby>とは,<ruby>独断<rt>どくだん</rt></ruby><ruby>不戦<rt>ふせん</rt></ruby>,<ruby>広家<rt>ひろいえ</rt></ruby>さんはどうして<ruby>西軍<rt>せいぐん</rt></ruby>へ？,未定,<ruby>俺<rt>おれ</rt></ruby>は<ruby>同<rt>どう</rt></ruby><ruby>世代<rt>せだい</rt></ruby>の<ruby>従兄<rt>いとこ</rt></ruby>、<ruby>毛利<rt>もうり</rt></ruby><ruby>輝元<rt>てるもと</rt></ruby>の<ruby>一<rt>いち</rt></ruby><ruby>門<rt>もん</rt></ruby><ruby>衆<rt>しゅう</rt></ruby>だからだな。<ruby>毛利<rt>もうり</rt></ruby>は<ruby>徳<rt>とく</rt></ruby><ruby>川<rt>かわ</rt></ruby>の<ruby>下<rt>しも</rt></ruby><ruby>風<rt>ふう</rt></ruby>につくのが<ruby>嫌<rt>いや</rt></ruby>で<ruby>一<rt>いち</rt></ruby><ruby>族<rt>ぞく</rt></ruby><ruby>共々<rt>ともども</rt></ruby><ruby>西軍<rt>せいぐん</rt></ruby>についたのだが、どう<ruby>見<rt>み</rt></ruby>ても<ruby>東軍<rt>とうぐん</rt></ruby><ruby>有利<rt>ゆうり</rt></ruby>だと<ruby>思<rt>おも</rt></ruby>ったのでな、<ruby>自<rt>みずか</rt></ruby>ら<ruby>裏切<rt>うらぎ</rt></ruby>り<ruby>家<rt>いえ</rt></ruby><ruby>名<rt>な</rt></ruby>を<ruby>残<rt>のこ</rt></ruby>そうとしたのだ。,<ruby>小早川秀秋<rt>こばやかわひであき</rt></ruby>さんと<ruby>一<rt>いち</rt></ruby><ruby>緒<rt>いとぐち</rt></ruby>で、<ruby>広家<rt>ひろいえ</rt></ruby>さんも<ruby>裏切<rt>うらぎ</rt></ruby>ったんだね。<ruby>誰<rt>だれ</rt></ruby>を<ruby>攻撃<rt>こうげき</rt></ruby>したの？,未定,あー、いや、<ruby>俺<rt>おれ</rt></ruby>は<ruby>攻撃<rt>こうげき</rt></ruby>した<ruby>訳<rt>わけ</rt></ruby>じゃないんだ。むしろその<ruby>逆<rt>ぎゃく</rt></ruby>。<ruby>東軍<rt>とうぐん</rt></ruby>が<ruby>布陣<rt>ふじん</rt></ruby>した<ruby>場所<rt>ばしょ</rt></ruby>の<ruby>後<rt>うし</rt></ruby>ろにある<ruby>南<rt>みなみ</rt></ruby><ruby>宮山<rt>みややま</rt></ruby>の<ruby>麓<rt>ふもと</rt></ruby>に<ruby>布陣<rt>ふじん</rt></ruby>して……<ruby>全<rt>まった</rt></ruby>く<ruby>動<rt>うご</rt></ruby>かなかったんだ。おかげで<ruby>長宗我部盛親<rt>ちょうそかべもりちか</rt></ruby>とか<ruby>毛利秀元<rt>もうりひでもと</rt></ruby>とかは<ruby>全<rt>まった</rt></ruby>く<ruby>動<rt>うご</rt></ruby>けなかったのさ。,<ruby>皆<rt>みな</rt></ruby>の<ruby>前<rt>まえ</rt></ruby>を<ruby>塞<rt>ふさ</rt></ruby>いでたってことか！  それで、その<ruby>後<rt>あと</rt></ruby>はどうなったの？,未定,<ruby>関ヶ原<rt>せきがはら</rt></ruby>の<ruby>後<rt>あと</rt></ruby>、<ruby>俺<rt>おれ</rt></ruby>たち<ruby>毛利<rt>もうり</rt></ruby>は<ruby>西軍<rt>せいぐん</rt></ruby>に<ruby>加担<rt>かたん</rt></ruby>した<ruby>罪<rt>つみ</rt></ruby>を<ruby>問<rt>と</rt></ruby>われるんだが、<ruby>裏切<rt>うらぎ</rt></ruby>った<ruby>俺<rt>おれ</rt></ruby>は<ruby>自分<rt>じぶん</rt></ruby>の<ruby>領地<rt>りょうち</rt></ruby>を<ruby>全部<rt>ぜんぶ</rt></ruby><ruby>本家<rt>ほんけ</rt></ruby>の<ruby>輝元<rt>てるもと</rt></ruby>に<ruby>渡<rt>わた</rt></ruby>すことで<ruby>家<rt>いえ</rt></ruby><ruby>名<rt>な</rt></ruby>を<ruby>残<rt>のこ</rt></ruby>そうとしたんだ。<ruby>家康<rt>いえやす</rt></ruby><ruby>殿<rt>どの</rt></ruby>に<ruby>必死<rt>ひっし</rt></ruby>に<ruby>頼<rt>たの</rt></ruby>み<ruby>込<rt>こ</rt></ruby>んでさ。,<ruby>俺<rt>おれ</rt></ruby>が<ruby>陣取<rt>じんど</rt></ruby>ったのはどこか<ruby>分<rt>わ</rt></ruby>かるか？,<ruby>毛利<rt>もうり</rt></ruby>を<ruby>残<rt>のこ</rt></ruby>すために、<ruby>俺<rt>おれ</rt></ruby>が<ruby>出来<rt>でき</rt></ruby>ることは…これだッ！,,<ruby>西軍<rt>せいぐん</rt></ruby>,,,,,,,,,
5,4,<ruby>口惜<rt>くちお</rt></ruby>しき<ruby>義士<rt>ぎし</rt></ruby>,<ruby>毛利勝永<rt>もうりかつなが</rt></ruby>,<ruby>戦国<rt>せんごく</rt></ruby>/<ruby>江戸時代<rt>えどじだい</rt></ruby>,<ruby>武士<rt>ぶし</rt></ruby>・<ruby>西軍<rt>せいぐん</rt></ruby>,,未定,さださねの<ruby>太刀<rt>たち</rt></ruby>,これは<ruby>豊臣<rt>とよとみ</rt></ruby><ruby>秀吉<rt>ひでよし</rt></ruby>が<ruby>亡<rt>な</rt></ruby>くなった<ruby>時<rt>とき</rt></ruby>に<ruby>勝永<rt>かつなが</rt></ruby>が<ruby>遺品<rt>いひん</rt></ruby>としてもらったと<ruby>言<rt>い</rt></ruby>われるものね。,未定,<ruby>白糸<rt>しらいと</rt></ruby><ruby>威<rt>い</rt></ruby><ruby>水牛<rt>すいぎゅう</rt></ruby><ruby>兜<rt>かぶと</rt></ruby>と<ruby>緋<rt>ひ</rt></ruby><ruby>羅紗<rt>らしゃ</rt></ruby><ruby>地大<rt>じだい</rt></ruby>に<ruby>渦巻<rt>うずまき</rt></ruby><ruby>文様<rt>もんよう</rt></ruby><ruby>切付<rt>きりつけ</rt></ruby><ruby>陣羽織<rt>じんばおり</rt></ruby>,<ruby>勝永<rt>かつなが</rt></ruby><ruby>所用<rt>しょよう</rt></ruby>の<ruby>兜<rt>かぶと</rt></ruby>と<ruby>陣羽織<rt>じんばおり</rt></ruby>は<ruby>今<rt>いま</rt></ruby>も<ruby>残<rt>のこ</rt></ruby>っているものだ。,さださねの<ruby>刀<rt>かたな</rt></ruby>,ー,<ruby>毛利勝永<rt>もうりかつなが</rt></ruby>さんはどうして<ruby>西軍<rt>せいぐん</rt></ruby>にいったんですか？  <ruby>毛利<rt>もうり</rt></ruby><ruby>輝元<rt>てるもと</rt></ruby>さんとかとは<ruby>関係<rt>かんけい</rt></ruby>ないんですよね？,未定,ああ、<ruby>姓<rt>せい</rt></ruby>は<ruby>同<rt>おな</rt></ruby>じに<ruby>見<rt>み</rt></ruby>えるが、<ruby>私<rt>わたし</rt></ruby>は<ruby>輝元<rt>てるもと</rt></ruby><ruby>殿<rt>どの</rt></ruby>とは<ruby>直接<rt>ちょくせつ</rt></ruby><ruby>関係<rt>かんけい</rt></ruby>は<ruby>無<rt>な</rt></ruby>い。<ruby>関ヶ原<rt>せきがはら</rt></ruby>では<ruby>亡<rt>な</rt></ruby>き<ruby>太閤<rt>たいこう</rt></ruby><ruby>様<rt>さま</rt></ruby>のために<ruby>戦<rt>たたか</rt></ruby>いにいった。<ruby>我<rt>わ</rt></ruby>が<ruby>家<rt>や</rt></ruby>は<ruby>早<rt>はや</rt></ruby>くから<ruby>太閤<rt>たいこう</rt></ruby><ruby>様<rt>さま</rt></ruby>に<ruby>取<rt>と</rt></ruby>り<ruby>立<rt>た</rt></ruby>ててもらったのでな。<ruby>家康<rt>いえやす</rt></ruby><ruby>如<rt>ごと</rt></ruby>きに<ruby>天下<rt>てんか</rt></ruby>を<ruby>渡<rt>わた</rt></ruby>すのは<ruby>許<rt>ゆる</rt></ruby>せなかったのだ。,<ruby>関ヶ原<rt>せきがはら</rt></ruby>ではどんな<ruby>活躍<rt>かつやく</rt></ruby>をされたんですか？,未定,<ruby>恥<rt>は</rt></ruby>ずかしながら、<ruby>何<rt>なに</rt></ruby>も<ruby>出来<rt>でき</rt></ruby>なかった。その<ruby>前哨戦<rt>ぜんしょうせん</rt></ruby>では<ruby>活躍<rt>かつやく</rt></ruby>していたのだが、いざ<ruby>本戦<rt>ほんせん</rt></ruby>となると<ruby>共<rt>とも</rt></ruby>に<ruby>居<rt>い</rt></ruby>た<ruby>安国寺恵瓊<rt>あんこくじえけい</rt></ruby><ruby>共々<rt>ともども</rt></ruby>、<ruby>吉川<rt>きっかわ</rt></ruby><ruby>広家<rt>ひろいえ</rt></ruby>の<ruby>足止<rt>あしど</rt></ruby>めを<ruby>食<rt>く</rt></ruby>らってしまってな……。<ruby>悔<rt>くや</rt></ruby>しくてたまらなかった。,でも、<ruby>勝永<rt>かつなが</rt></ruby>さんの<ruby>本当<rt>ほんとう</rt></ruby>の<ruby>見<rt>み</rt></ruby>せ<ruby>場<rt>ば</rt></ruby>は<ruby>関ヶ原<rt>せきがはら</rt></ruby>ではないですよね？,未定,よく<ruby>知<rt>し</rt></ruby>っているな。<ruby>私<rt>わたし</rt></ruby>は<ruby>関ヶ原<rt>せきがはら</rt></ruby>の<ruby>後<rt>あと</rt></ruby>、<ruby>知己<rt>ちき</rt></ruby>の<ruby>山内一豊<rt>やまうちかずとよ</rt></ruby><ruby>殿<rt>との</rt></ruby>の<ruby>下<rt>した</rt></ruby>に<ruby>預<rt>あず</rt></ruby>けられるが、14<ruby>年<rt>ねん</rt></ruby><ruby>後<rt>ご</rt></ruby>、<ruby>一<rt>いち</rt></ruby><ruby>豊<rt>ゆたか</rt></ruby><ruby>殿<rt>どの</rt></ruby>の<ruby>任国<rt>にんこく</rt></ruby>、<ruby>土佐<rt>とさ</rt></ruby>を<ruby>抜<rt>ぬ</rt></ruby>け<ruby>出<rt>だ</rt></ruby>して<ruby>大坂<rt>おおさか</rt></ruby>に<ruby>馳<rt>は</rt></ruby>せ<ruby>参<rt>さん</rt></ruby>じた。そう、<ruby>大坂<rt>おおさか</rt></ruby>の<ruby>陣<rt>じん</rt></ruby>だ。,"<ruby>関ヶ原<rt>せきがはら</rt></ruby>の14,15<ruby>年<rt>ねん</rt></ruby><ruby>後<rt>ご</rt></ruby>にあった<ruby>戦<rt>たたか</rt></ruby>いと<ruby>言<rt>い</rt></ruby>えばなんだ？",<ruby>東軍<rt>とうぐん</rt></ruby>だろうと<ruby>西軍<rt>せいぐん</rt></ruby>だろうと<ruby>関係<rt>かんけい</rt></ruby>ない。<ruby>私<rt>わたし</rt></ruby>は<ruby>恩<rt>おん</rt></ruby>ある<ruby>豊臣家<rt>とよとみけ</rt></ruby>のために<ruby>戦<rt>たたか</rt></ruby>う！,,<ruby>西軍<rt>せいぐん</rt></ruby>,,,,,,,,,
6,7,<ruby>坊主大名<rt>ぼうずだいみょう</rt></ruby>,<ruby>安国寺恵瓊<rt>あんこくじえけい</rt></ruby>,<ruby>戦国時代<rt>せんごくじだい</rt></ruby>,<ruby>僧<rt>そう</rt></ruby>・<ruby>武士<rt>ぶし</rt></ruby>・<ruby>外交官<rt>がいこうかん</rt></ruby>・<ruby>西軍<rt>せいぐん</rt></ruby>,,未定,<ruby>安国寺<rt>あんこくじ</rt></ruby>,その<ruby>名<rt>な</rt></ruby>の<ruby>通<rt>とお</rt></ruby>り、<ruby>安芸<rt>あき</rt></ruby><ruby>国<rt>くに</rt></ruby>にある<ruby>安国寺<rt>あんこくじ</rt></ruby>の<ruby>僧<rt>そう</rt></ruby>だったのよ。,未定,<ruby>運<rt>うん</rt></ruby>を<ruby>天<rt>てん</rt></ruby>に<ruby>任<rt>まか</rt></ruby>せて(<ruby>要<rt>い</rt></ruby>らないかも),<ruby>信長<rt>のぶなが</rt></ruby>の<ruby>死<rt>し</rt></ruby>を<ruby>予見<rt>よけん</rt></ruby>したアナタは、この<ruby>戦<rt>たたか</rt></ruby>いがどうなるか、<ruby>知<rt>し</rt></ruby>っているのね。,<ruby>大毛利<rt>だいもうり</rt></ruby>の<ruby>活路<rt>かつろ</rt></ruby>,<ruby>外交<rt>がいこう</rt></ruby><ruby>僧<rt>そう</rt></ruby>への<ruby>寄進<rt>きしん</rt></ruby>,<ruby>安国寺恵瓊<rt>あんこくじえけい</rt></ruby>さんはどうして<ruby>西軍<rt>せいぐん</rt></ruby>についたんですか？,未定,それは<ruby>拙僧<rt>せっそう</rt></ruby>が<ruby>仕<rt>つか</rt></ruby>えていた<ruby>毛利<rt>もうり</rt></ruby><ruby>輝元<rt>てるもと</rt></ruby><ruby>様<rt>さま</rt></ruby>が、<ruby>徳川<rt>とくがわ</rt></ruby><ruby>家康<rt>いえやす</rt></ruby><ruby>殿<rt>どの</rt></ruby>の<ruby>下<rt>した</rt></ruby>につくのは<ruby>嫌<rt>いや</rt></ruby>だ、とおっしゃっていたからだ。<ruby>拙僧<rt>せっそう</rt></ruby>、<ruby>長<rt>なが</rt></ruby>らく<ruby>毛利<rt>もうり</rt></ruby>の<ruby>外交<rt>がいこう</rt></ruby>を<ruby>担当<rt>たんとう</rt></ruby>してきたゆえ、<ruby>家康<rt>いえやす</rt></ruby><ruby>殿<rt>どの</rt></ruby>に<ruby>対抗<rt>たいこう</rt></ruby>するには、この<ruby>関ヶ原<rt>せきがはら</rt></ruby>が<ruby>最後<rt>さいご</rt></ruby>の<ruby>機会<rt>きかい</rt></ruby>だと<ruby>説得<rt>せっとく</rt></ruby>したのだ。,<ruby>外交<rt>がいこう</rt></ruby><ruby>担当<rt>たんとう</rt></ruby>で<ruby>僧<rt>そう</rt></ruby>ってことは、あまり<ruby>戦<rt>たたか</rt></ruby>わなかったってことですか？,未定,そのようなことはない。<ruby>拙僧<rt>せっそう</rt></ruby>、<ruby>関ヶ原<rt>せきがはら</rt></ruby>の<ruby>前哨戦<rt>ぜんしょうせん</rt></ruby>では<ruby>毛利勝永<rt>もうりかつなが</rt></ruby><ruby>殿<rt>どの</rt></ruby>たちと<ruby>共<rt>とも</rt></ruby>に<ruby>戦<rt>たたか</rt></ruby>っておる。しかし、いざ<ruby>本戦<rt>ほんせん</rt></ruby>となると<ruby>拙僧<rt>せっそう</rt></ruby>と<ruby>仲<rt>なか</rt></ruby>が<ruby>悪<rt>わる</rt></ruby>かった<ruby>吉川<rt>きっかわ</rt></ruby><ruby>広家<rt>ひろいえ</rt></ruby>が<ruby>内応<rt>ないおう</rt></ruby>。<ruby>我々<rt>われわれ</rt></ruby><ruby>毛利<rt>もうり</rt></ruby><ruby>勢<rt>ぜい</rt></ruby>を<ruby>南<rt>みなみ</rt></ruby><ruby>宮山<rt>みややま</rt></ruby>に<ruby>釘付<rt>くぎづ</rt></ruby>けにしてしまったのだ。,それじゃあ<ruby>関ヶ原<rt>せきがはら</rt></ruby>の<ruby>後<rt>あと</rt></ruby>は……？,未定,<ruby>負<rt>ま</rt></ruby>けが<ruby>決<rt>き</rt></ruby>まってしまっては、<ruby>毛利<rt>もうり</rt></ruby>に<ruby>未来<rt>みらい</rt></ruby>はないと<ruby>思<rt>おも</rt></ruby>い、<ruby>逃走<rt>とうそう</rt></ruby>したが、<ruby>京都<rt>きょうと</rt></ruby>で<ruby>追<rt>お</rt></ruby>っ<ruby>手<rt>て</rt></ruby>に<ruby>捕<rt>つか</rt></ruby>まってしまった。<ruby>石田三成<rt>いしだみつなり</rt></ruby><ruby>殿<rt>との</rt></ruby>と<ruby>共<rt>とも</rt></ruby>に<ruby>打<rt>だ</rt></ruby><ruby>首<rt>くび</rt></ruby>になった。<ruby>無念<rt>むねん</rt></ruby>である。,<ruby>拙僧<rt>せっそう</rt></ruby>の<ruby>本業<rt>ほんぎょう</rt></ruby>は<ruby>何<rt>なに</rt></ruby>であろうか？,<ruby>私<rt>わたし</rt></ruby>の<ruby>勘<rt>かん</rt></ruby>は、この<ruby>戦<rt>いくさ</rt></ruby>、<ruby>不利<rt>ふり</rt></ruby>だと<ruby>告<rt>つ</rt></ruby>げているが、<ruby>果<rt>は</rt></ruby>たして<ruby>奇跡<rt>きせき</rt></ruby>は<ruby>在<rt>あ</rt></ruby>るだろうか？,,<ruby>西軍<rt>せいぐん</rt></ruby>,,,,,,,,,
7,6,<ruby>独立<rt>どくりつ</rt></ruby><ruby>宰相<rt>さいしょう</rt></ruby>,<ruby>毛利秀元<rt>もうりひでもと</rt></ruby>,<ruby>戦国<rt>せんごく</rt></ruby>/<ruby>江戸時代<rt>えどじだい</rt></ruby>,<ruby>武士<rt>ぶし</rt></ruby>・<ruby>茶人<rt>ちゃじん</rt></ruby>・<ruby>西軍<rt>せいぐん</rt></ruby>・<ruby>長州<rt>ちょうしゅう</rt></ruby><ruby>藩<rt>はん</rt></ruby>,,未定,<ruby>足止<rt>あしど</rt></ruby>めを<ruby>食<rt>く</rt></ruby>らう<ruby>大軍<rt>たいぐん</rt></ruby>,この<ruby>陣容<rt>じんよう</rt></ruby>、16000<ruby>程<rt>ほど</rt></ruby>の<ruby>兵<rt>へい</rt></ruby>がいそうだが、<ruby>何故<rt>なぜ</rt></ruby><ruby>動<rt>うご</rt></ruby>かない？,未定,<ruby>空弁当<rt>からべんとう</rt></ruby>,<ruby>秀元<rt>ひでもと</rt></ruby>は<ruby>味方<rt>みかた</rt></ruby>の<ruby>広家<rt>ひろいえ</rt></ruby>が<ruby>動<rt>うご</rt></ruby>かないことを<ruby>咎<rt>とが</rt></ruby>められた<ruby>時<rt>とき</rt></ruby>に、<ruby>弁当<rt>べんとう</rt></ruby>を<ruby>食<rt>た</rt></ruby>べていると<ruby>言<rt>い</rt></ruby>い<ruby>訳<rt>わけ</rt></ruby>したのよ。,<ruby>空弁当<rt>からべんとう</rt></ruby>,ー,<ruby>毛利秀元<rt>もうりひでもと</rt></ruby>さんはどうして<ruby>西軍<rt>せいぐん</rt></ruby>についたの？  やっぱり<ruby>毛利<rt>もうり</rt></ruby><ruby>輝元<rt>てるもと</rt></ruby>さんと<ruby>関係<rt>かんけい</rt></ruby>あるの？,未定,そうだね。<ruby>養父<rt>ようふ</rt></ruby>の<ruby>輝元<rt>てるもと</rt></ruby>が<ruby>徳川<rt>とくがわ</rt></ruby><ruby>家康<rt>いえやす</rt></ruby>の<ruby>下風<rt>かふう</rt></ruby>につきたくないと<ruby>言<rt>い</rt></ruby>って<ruby>西軍<rt>せいぐん</rt></ruby>についたから<ruby>僕<rt>ぼく</rt></ruby>も<ruby>西軍<rt>せいぐん</rt></ruby>についたんだよ。,お<ruby>父<rt>とう</rt></ruby>さんの<ruby>輝元<rt>てるもと</rt></ruby>さんは<ruby>大坂城<rt>おおさかじょう</rt></ruby>にいたみたいだけど、<ruby>秀元<rt>ひでもと</rt></ruby>さんもそうなの？,未定,いや、<ruby>僕<rt>ぼく</rt></ruby>は<ruby>大坂城<rt>おおさかじょう</rt></ruby>で<ruby>待機<rt>たいき</rt></ruby>していた<ruby>父<rt>ちち</rt></ruby>の<ruby>代<rt>か</rt></ruby>わりに<ruby>毛利<rt>もうり</rt></ruby>の<ruby>総大将<rt>そうたいしょう</rt></ruby>として16000の<ruby>兵<rt>へい</rt></ruby>を<ruby>率<rt>ひき</rt></ruby>いて、<ruby>東軍<rt>とうぐん</rt></ruby>の<ruby>背後<rt>はいご</rt></ruby>にある<ruby>南<rt>みなみ</rt></ruby><ruby>宮山<rt>みややま</rt></ruby>に<ruby>布陣<rt>ふじん</rt></ruby>したよ。でも、あの<ruby>吉川<rt>きっかわ</rt></ruby><ruby>広家<rt>ひろいえ</rt></ruby>が<ruby>前<rt>まえ</rt></ruby>を<ruby>塞<rt>ふさ</rt></ruby>いで<ruby>動<rt>うご</rt></ruby>かなかったせいで、<ruby>僕<rt>ぼく</rt></ruby>も<ruby>皆<rt>みな</rt></ruby>も<ruby>動<rt>うご</rt></ruby>けなかったんだ。,<ruby>関ヶ原<rt>せきがはら</rt></ruby>の<ruby>後<rt>あと</rt></ruby>はどうなったの？,未定,<ruby>僕<rt>ぼく</rt></ruby>は<ruby>父<rt>ちち</rt></ruby>と<ruby>一<rt>いち</rt></ruby><ruby>緒<rt>いとぐち</rt></ruby>に<ruby>国元<rt>くにもと</rt></ruby>に<ruby>帰<rt>かえ</rt></ruby>って<ruby>家康<rt>いえやす</rt></ruby><ruby>殿<rt>どの</rt></ruby>の<ruby>沙汰<rt>さた</rt></ruby>を<ruby>待<rt>ま</rt></ruby>ったよ。<ruby>毛利<rt>もうり</rt></ruby>は<ruby>領地<rt>りょうち</rt></ruby>を<ruby>減<rt>へ</rt></ruby>らされちゃったけど、あの<ruby>有名<rt>ゆうめい</rt></ruby>な<ruby>長州<rt>ちょうしゅう</rt></ruby><ruby>藩<rt>はん</rt></ruby>になって、<ruby>僕<rt>ぼく</rt></ruby>は<ruby>藩<rt>はん</rt></ruby><ruby>主<rt>しゅ</rt></ruby>になった<ruby>秀就<rt>ひでなり</rt></ruby>の<ruby>補佐<rt>ほさ</rt></ruby>を<ruby>務<rt>つと</rt></ruby>めたんだ。,<ruby>僕<rt>ぼく</rt></ruby>たち<ruby>毛利<rt>もうり</rt></ruby>は<ruby>関ヶ原<rt>せきがはら</rt></ruby>の<ruby>後<rt>あと</rt></ruby>、<ruby>何<rt>なに</rt></ruby><ruby>藩<rt>はん</rt></ruby>になったかな？,<ruby>広家<rt>ひろいえ</rt></ruby>が<ruby>全<rt>まった</rt></ruby>く<ruby>動<rt>うご</rt></ruby>かないのだが、どうしたことだ…。<ruby>長宗我部<rt>ちょうそかべ</rt></ruby><ruby>殿<rt>どの</rt></ruby>に<ruby>言<rt>い</rt></ruby>い<ruby>訳<rt>わけ</rt></ruby>するのも<ruby>限界<rt>げんかい</rt></ruby>だ…。,,<ruby>西軍<rt>せいぐん</rt></ruby>,,,,,,,,,
8,16,いざ<ruby>有名有実<rt>ゆうめいゆうじつ</rt></ruby>へ,<ruby>毛利<rt>もうり</rt></ruby><ruby>輝元<rt>てるもと</rt></ruby>,<ruby>戦国<rt>せんごく</rt></ruby>/<ruby>江戸時代<rt>えどじだい</rt></ruby>,<ruby>武士<rt>ぶし</rt></ruby>・<ruby>西軍<rt>せいぐん</rt></ruby>・<ruby>長州<rt>ちょうしゅう</rt></ruby><ruby>藩<rt>はん</rt></ruby>,,未定,<ruby>秀頼<rt>ひでより</rt></ruby><ruby>公<rt>こう</rt></ruby>ご<ruby>出馬<rt>しゅつば</rt></ruby>！,<ruby>輝元<rt>てるもと</rt></ruby>が<ruby>豊臣<rt>とよとみ</rt></ruby><ruby>秀頼<rt>ひでより</rt></ruby>と<ruby>一<rt>いち</rt></ruby><ruby>緒<rt>いとぐち</rt></ruby>に<ruby>出撃<rt>しゅつげき</rt></ruby>していたら、もしかしたら<ruby>西軍<rt>せいぐん</rt></ruby>が<ruby>勝<rt>か</rt></ruby>ったかもしれないわ！,未定,<ruby>緋<rt>ひ</rt></ruby><ruby>糸威<rt>いとおどし</rt></ruby><ruby>胴丸<rt>どうまる</rt></ruby><ruby>具足<rt>ぐそく</rt></ruby>,<ruby>関ヶ原<rt>せきがはら</rt></ruby>の<ruby>戦場<rt>せんじょう</rt></ruby>で<ruby>見<rt>み</rt></ruby>せる<ruby>機会<rt>きかい</rt></ruby>はなかったが、<ruby>輝元<rt>てるもと</rt></ruby>の<ruby>鎧<rt>よろい</rt></ruby>は<ruby>目立<rt>めだ</rt></ruby>つ<ruby>赤色<rt>あかいろ</rt></ruby>をしていた。,<ruby>三矢<rt>さんし</rt></ruby>の<ruby>上<rt>うえ</rt></ruby>の<ruby>野心<rt>やしん</rt></ruby>,<ruby>五<rt>ご</rt></ruby><ruby>大老<rt>たいろう</rt></ruby>の<ruby>意地<rt>いじ</rt></ruby><<ruby>毛利<rt>もうり</rt></ruby>>,<ruby>輝元<rt>てるもと</rt></ruby>さんはどうして<ruby>西軍<rt>せいぐん</rt></ruby>に？,未定,ワシは<ruby>西国<rt>さいこく</rt></ruby>120<ruby>万<rt>まん</rt></ruby><ruby>石<rt>いし</rt></ruby>の<ruby>太守<rt>たいしゅ</rt></ruby>で、<ruby>五<rt>ご</rt></ruby><ruby>大老<rt>たいろう</rt></ruby>だったのじゃ。つまりはあの<ruby>家康<rt>いえやす</rt></ruby>と<ruby>同格<rt>どうかく</rt></ruby>であって、<ruby>下<rt>した</rt></ruby>ではないということ。<ruby>関ヶ原<rt>せきがはら</rt></ruby>はそれを<ruby>示<rt>しめ</rt></ruby>すための<ruby>戦<rt>たたか</rt></ruby>いだったつもりじゃ。,<ruby>輝元<rt>てるもと</rt></ruby>さんって<ruby>西軍<rt>せいぐん</rt></ruby>の<ruby>総大将<rt>そうたいしょう</rt></ruby>だったよね？,未定,そうじゃ。<ruby>家臣<rt>かしん</rt></ruby>の<ruby>安国寺恵瓊<rt>あんこくじえけい</rt></ruby>に<ruby>言<rt>い</rt></ruby>われて、ここで<ruby>勝<rt>か</rt></ruby>てば<ruby>毛利<rt>もうり</rt></ruby>が<ruby>天下<rt>てんか</rt></ruby>に<ruby>羽<rt>は</rt></ruby>ばたけるかもしれないと<ruby>思<rt>おも</rt></ruby>ったのじゃ。あとは<ruby>親族<rt>しんぞく</rt></ruby>の<ruby>吉川<rt>きっかわ</rt></ruby><ruby>広家<rt>ひろいえ</rt></ruby>や<ruby>小早川秀秋<rt>こばやかわひであき</rt></ruby>が<ruby>上手<rt>うま</rt></ruby>くやってくれると<ruby>思<rt>おも</rt></ruby>ったのじゃが……。,あれ？  <ruby>輝元<rt>てるもと</rt></ruby>さんは<ruby>行<rt>い</rt></ruby>かなかったの？,未定,そうじゃ。まさか<ruby>広家<rt>ひろいえ</rt></ruby>も<ruby>秀秋<rt>ひであき</rt></ruby>も<ruby>西軍<rt>せいぐん</rt></ruby>を<ruby>裏切<rt>うらぎ</rt></ruby>って<ruby>滅茶苦茶<rt>めちゃくちゃ</rt></ruby>になってしまったのじゃ。まあ、<ruby>広家<rt>ひろいえ</rt></ruby>のおかげで<ruby>改易<rt>かいえき</rt></ruby>だけは<ruby>免<rt>まぬか</rt></ruby>れたが、ワシも<ruby>関ヶ原<rt>せきがはら</rt></ruby>に<ruby>行<rt>い</rt></ruby>けばよかったのう……。,<ruby>総<rt>そう</rt></ruby><ruby>大将<rt>たいしょう</rt></ruby>のワシは<ruby>関ヶ原<rt>せきがはら</rt></ruby>に<ruby>行<rt>い</rt></ruby>ったじゃろうか？,<ruby>家康<rt>いえやす</rt></ruby>よ、<ruby>秀頼<rt>ひでより</rt></ruby><ruby>様<rt>さま</rt></ruby>の<ruby>隣<rt>となり</rt></ruby>に<ruby>相応<rt>ふさわ</rt></ruby>しいのはお<ruby>主<rt>ぬし</rt></ruby>では<ruby>無<rt>な</rt></ruby>い。このワシじゃ！,,<ruby>西軍<rt>せいぐん</rt></ruby>,,,,,,,,,
9,14,<ruby>西軍<rt>せいぐん</rt></ruby>の<ruby>主翼<rt>しゅよく</rt></ruby>,<ruby>宇喜多<rt>うきた</rt></ruby><ruby>秀家<rt>ひでいえ</rt></ruby>,<ruby>戦国<rt>せんごく</rt></ruby>/<ruby>江戸時代<rt>えどじだい</rt></ruby>,<ruby>武士<rt>ぶし</rt></ruby>・<ruby>西軍<rt>せいぐん</rt></ruby>,,未定,<ruby>秀吉<rt>ひでよし</rt></ruby>も<ruby>愛<rt>あい</rt></ruby>した<ruby>美少年<rt>びしょうねん</rt></ruby>,<ruby>秀家<rt>ひでいえ</rt></ruby>は<ruby>女<rt>おんな</rt></ruby>と<ruby>見間違<rt>みまちが</rt></ruby>うぐらいのイケメンだったらしいわよ。,未定,<ruby>月<rt>つき</rt></ruby>の<ruby>輪<rt>わ</rt></ruby>の<ruby>兜<rt>かぶと</rt></ruby>(<ruby>鎧<rt>よろい</rt></ruby><ruby>再現<rt>さいげん</rt></ruby><ruby>武将<rt>ぶしょう</rt></ruby>),<ruby>秀家<rt>ひでいえ</rt></ruby>の<ruby>兜<rt>かぶと</rt></ruby>は<ruby>残<rt>のこ</rt></ruby>っていないが、このような<ruby>前立<rt>まえた</rt></ruby>てを<ruby>付<rt>つ</rt></ruby>けていたようだ。,<ruby>五<rt>ご</rt></ruby><ruby>大老<rt>たいろう</rt></ruby>の<ruby>意地<rt>いじ</rt></ruby><<ruby>宇喜多<rt>うきた</rt></ruby>>,<ruby>宇喜多<rt>うきた</rt></ruby><ruby>騒動<rt>そうどう</rt></ruby><<ruby>主<rt>しゅ</rt></ruby>>,<ruby>秀家<rt>ひでいえ</rt></ruby>さんはどうして<ruby>西軍<rt>せいぐん</rt></ruby>に？(この<ruby>部分<rt>ぶぶん</rt></ruby>を<ruby>見出<rt>みだ</rt></ruby>しにして<ruby>大<rt>おお</rt></ruby>きく。ここの<ruby>形式<rt>けいしき</rt></ruby>はキャラごとに<ruby>固定<rt>こてい</rt></ruby>,未定,それはこの<ruby>私<rt>わたし</rt></ruby>が<ruby>亡<rt>な</rt></ruby>き<ruby>太閤<rt>たいこう</rt></ruby><ruby>様<rt>さま</rt></ruby>、つまりは<ruby>豊臣<rt>とよとみ</rt></ruby><ruby>秀吉<rt>ひでよし</rt></ruby><ruby>様<rt>さま</rt></ruby>に<ruby>返<rt>かえ</rt></ruby>しても<ruby>返<rt>かえ</rt></ruby>しきれぬ<ruby>恩<rt>おん</rt></ruby>があったからだ。<ruby>我<rt>わ</rt></ruby>が<ruby>父<rt>ちち</rt></ruby><ruby>直家<rt>なおや</rt></ruby>が<ruby>死<rt>し</rt></ruby>んだ<ruby>後<rt>あと</rt></ruby>、<ruby>滅亡<rt>めつぼう</rt></ruby>の<ruby>可能性<rt>かのうせい</rt></ruby>さえあった<ruby>宇喜多<rt>うきた</rt></ruby>を<ruby>守<rt>まも</rt></ruby>ってくださり、さらに<ruby>言<rt>い</rt></ruby>えば、<ruby>私<rt>わたし</rt></ruby>を<ruby>太閤<rt>たいこう</rt></ruby><ruby>様<rt>さま</rt></ruby>の<ruby>養子<rt>ようし</rt></ruby>に<ruby>迎<rt>むか</rt></ruby>えてくださったのだ。,それで、<ruby>関ヶ原<rt>せきがはら</rt></ruby>ではどうなったの？,未定,<ruby>実<rt>じつ</rt></ruby>は<ruby>太閤<rt>たいこう</rt></ruby><ruby>様<rt>さま</rt></ruby>が<ruby>亡<rt>な</rt></ruby>くなった<ruby>後<rt>あと</rt></ruby>、<ruby>我<rt>わ</rt></ruby>が<ruby>宇喜多<rt>うきた</rt></ruby>の<ruby>家<rt>いえ</rt></ruby>では<ruby>御家騒動<rt>おいえそうどう</rt></ruby>があってな……。<ruby>家臣<rt>かしん</rt></ruby>や<ruby>兵士<rt>へいし</rt></ruby>がいなくなってしまったのだ。それでも、<ruby>私<rt>わたし</rt></ruby>は<ruby>西軍<rt>せいぐん</rt></ruby>でも<ruby>有数<rt>ゆうすう</rt></ruby>の1<ruby>万<rt>まん</rt></ruby>7000の<ruby>兵<rt>へい</rt></ruby>を<ruby>明石<rt>あかし</rt></ruby><ruby>全登<rt>てるずみ</rt></ruby>と<ruby>率<rt>ひき</rt></ruby>いて<ruby>接<rt>つぎ</rt></ruby><ruby>敵<rt>てき</rt></ruby>から<ruby>終戦<rt>しゅうせん</rt></ruby>まで6<ruby>時間<rt>じかん</rt></ruby>も<ruby>戦<rt>たたか</rt></ruby>い<ruby>続<rt>つづ</rt></ruby>けたぞ。,<ruby>凄<rt>すご</rt></ruby>く<ruby>頑張<rt>がんば</rt></ruby>って<ruby>戦<rt>たたか</rt></ruby>ったんだね……。でも……。,未定,それ<ruby>以上<rt>いじょう</rt></ruby><ruby>言<rt>い</rt></ruby>うな。<ruby>負<rt>ま</rt></ruby>けてしまった<ruby>私<rt>わたし</rt></ruby>は<ruby>備前<rt>びぜん</rt></ruby><ruby>国<rt>くに</rt></ruby>を<ruby>取<rt>と</rt></ruby>り<ruby>上<rt>あ</rt></ruby>げられて、<ruby>遠<rt>とお</rt></ruby>く<ruby>八<rt>はち</rt></ruby><ruby>丈<rt>たけ</rt></ruby><ruby>島<rt>じま</rt></ruby>に<ruby>流<rt>なが</rt></ruby>されてしまった。その<ruby>期間<rt>きかん</rt></ruby>、<ruby>実<rt>じつ</rt></ruby>に49<ruby>年<rt>ねん</rt></ruby>だ。もっと<ruby>近<rt>ちか</rt></ruby>ければ<ruby>大坂<rt>おおさか</rt></ruby>の<ruby>陣<rt>じん</rt></ruby>の<ruby>時<rt>とき</rt></ruby>も<ruby>泳<rt>およ</rt></ruby>いでいけたかもしれないな。だが……<ruby>子孫<rt>しそん</rt></ruby>は<ruby>今<rt>いま</rt></ruby>も<ruby>八<rt>はち</rt></ruby><ruby>丈<rt>たけ</rt></ruby><ruby>島<rt>じま</rt></ruby>にたくさんいるから、それはそれでよかったのかもしれない。,<ruby>私<rt>わたし</rt></ruby>の<ruby>家臣<rt>かしん</rt></ruby>といえば<ruby>誰<rt>だれ</rt></ruby>だと<ruby>思<rt>おも</rt></ruby>うか？,<ruby>豊家<rt>とよや</rt></ruby>に<ruby>大<rt>だい</rt></ruby><ruby>恩<rt>おん</rt></ruby>があるこの<ruby>私<rt>わたし</rt></ruby>がやらねば<ruby>誰<rt>だれ</rt></ruby>がやるというのか！<ruby>各々<rt>おのおの</rt></ruby><ruby>方<rt>かた</rt></ruby>、<ruby>最後<rt>さいご</rt></ruby>まで<ruby>戦<rt>たたか</rt></ruby>い<ruby>抜<rt>ぬ</rt></ruby>くぞ！,,<ruby>西軍<rt>せいぐん</rt></ruby>,,,,,,,,,
10,1,<ruby>切支丹<rt>きりしたん</rt></ruby><ruby>宰相<rt>さいしょう</rt></ruby>,<ruby>明石<rt>あかし</rt></ruby><ruby>全登<rt>てるずみ</rt></ruby>,<ruby>戦国<rt>せんごく</rt></ruby>/<ruby>江戸時代<rt>えどじだい</rt></ruby>,<ruby>武士<rt>ぶし</rt></ruby>・ｷﾘｼﾀﾝ・<ruby>西軍<rt>せいぐん</rt></ruby>,,未定,<ruby>輝<rt>かがや</rt></ruby>く<ruby>十<rt>じゅう</rt></ruby><ruby>字<rt>じ</rt></ruby><ruby>架<rt>たるき</rt></ruby>,アナタ、<ruby>信仰<rt>しんこう</rt></ruby>のために<ruby>戦<rt>たたか</rt></ruby>えるぐらい<ruby>強<rt>つよ</rt></ruby>い<ruby>心<rt>こころ</rt></ruby>を<ruby>持<rt>も</rt></ruby>っているのね。,未定,<ruby>杭瀬<rt>くいせ</rt></ruby><ruby>川<rt>がわ</rt></ruby>の<ruby>戦<rt>たたか</rt></ruby>い,<ruby>全登<rt>てるずみ</rt></ruby>と<ruby>島左近<rt>しまさこん</rt></ruby>は<ruby>協力<rt>きょうりょく</rt></ruby>して<ruby>森<rt>もり</rt></ruby>の<ruby>中<rt>なか</rt></ruby>で<ruby>奇襲<rt>きしゅう</rt></ruby>をしかけたようだな。,<ruby>杭瀬<rt>くいせ</rt></ruby><ruby>川<rt>がわ</rt></ruby>の<ruby>戦<rt>たたか</rt></ruby>い<<ruby>掃部<rt>かもん</rt></ruby>>,<ruby>宇喜多<rt>うきた</rt></ruby><ruby>騒動<rt>そうどう</rt></ruby><<ruby>従<rt>じゅう</rt></ruby>>,<ruby>明石<rt>あかし</rt></ruby><ruby>全登<rt>てるずみ</rt></ruby>さんは、なぜ<ruby>西軍<rt>せいぐん</rt></ruby>についたの？,未定,それは<ruby>至極<rt>しごく</rt></ruby><ruby>単純<rt>たんじゅん</rt></ruby>な<ruby>話<rt>はなし</rt></ruby>。<ruby>我<rt>わ</rt></ruby>が<ruby>主君<rt>しゅくん</rt></ruby>の<ruby>宇喜多<rt>うきた</rt></ruby><ruby>秀家<rt>ひでいえ</rt></ruby>が<ruby>西軍<rt>せいぐん</rt></ruby>についたからだ。<ruby>関ヶ原<rt>せきがはら</rt></ruby>の<ruby>前<rt>まえ</rt></ruby>に<ruby>多<rt>おお</rt></ruby>くの<ruby>家臣<rt>かしん</rt></ruby>が<ruby>秀家<rt>ひでいえ</rt></ruby><ruby>様<rt>さま</rt></ruby>の<ruby>下<rt>した</rt></ruby>を<ruby>離<rt>はな</rt></ruby>れたが、<ruby>我<rt>われ</rt></ruby>が<ruby>明石<rt>あかし</rt></ruby>の<ruby>家<rt>いえ</rt></ruby>は<ruby>秀家<rt>ひでいえ</rt></ruby><ruby>様<rt>さま</rt></ruby>に<ruby>取<rt>と</rt></ruby>り<ruby>立<rt>た</rt></ruby>てていただいた<ruby>恩<rt>おん</rt></ruby>があるのでな。,<ruby>関ヶ原<rt>せきがはら</rt></ruby>では、どんな<ruby>活躍<rt>かつやく</rt></ruby>をしたの？,未定,さっきも<ruby>言<rt>い</rt></ruby>ったが、<ruby>多<rt>おお</rt></ruby>くの<ruby>家臣<rt>かしん</rt></ruby>がいなくなってしまった<ruby>宇喜多<rt>うきた</rt></ruby><ruby>家<rt>け</rt></ruby>のことは<ruby>私<rt>わたし</rt></ruby>が<ruby>取<rt>と</rt></ruby>り<ruby>仕切<rt>しき</rt></ruby>るようになっていて、<ruby>関ヶ原<rt>せきがはら</rt></ruby>の<ruby>時<rt>とき</rt></ruby>も1<ruby>万<rt>まん</rt></ruby>7000という<ruby>大軍<rt>たいぐん</rt></ruby>を<ruby>秀家<rt>ひでいえ</rt></ruby><ruby>様<rt>さま</rt></ruby>と<ruby>分担<rt>ぶんたん</rt></ruby>して<ruby>指揮<rt>しき</rt></ruby>したぞ。<ruby>島左近<rt>しまさこん</rt></ruby><ruby>殿<rt>どの</rt></ruby>と<ruby>協力<rt>きょうりょく</rt></ruby>して<ruby>杭瀬<rt>くいせ</rt></ruby><ruby>川<rt>がわ</rt></ruby>で<ruby>東軍<rt>とうぐん</rt></ruby>に<ruby>奇襲<rt>きしゅう</rt></ruby>もしたな。あれは<ruby>愉快<rt>ゆかい</rt></ruby>だった。,あれ？  でも、<ruby>全登<rt>てるずみ</rt></ruby>さんの<ruby>名前<rt>なまえ</rt></ruby>どこかで<ruby>聞<rt>き</rt></ruby>いたことあるような？,未定,ああ、それは<ruby>関ヶ原<rt>せきがはら</rt></ruby>の15<ruby>年<rt>ねん</rt></ruby><ruby>後<rt>ご</rt></ruby>に<ruby>起<rt>お</rt></ruby>きた<ruby>大坂<rt>おおさか</rt></ruby>の<ruby>陣<rt>じん</rt></ruby>のことだろう。<ruby>関ヶ原<rt>せきがはら</rt></ruby>の<ruby>後<rt>あと</rt></ruby>、<ruby>我々<rt>われわれ</rt></ruby>のようなキリシタンはどんどん<ruby>肩身<rt>かたみ</rt></ruby>が<ruby>狭<rt>せま</rt></ruby>くなっていったからな、それを<ruby>打<rt>う</rt></ruby>ち<ruby>破<rt>やぶ</rt></ruby>るため、<ruby>豊臣<rt>とよとみ</rt></ruby><ruby>方<rt>かた</rt></ruby>として<ruby>参戦<rt>さんせん</rt></ruby>したぞ。,<ruby>私<rt>わたし</rt></ruby>は<ruby>誰<rt>だれ</rt></ruby>の<ruby>配下<rt>はいか</rt></ruby>だったか<ruby>分<rt>わ</rt></ruby>かるだろうか？,<ruby>皆<rt>みな</rt></ruby>の<ruby>者<rt>もの</rt></ruby>、<ruby>苦<rt>くる</rt></ruby>しい<ruby>時<rt>とき</rt></ruby>こそ<ruby>祈<rt>いの</rt></ruby>りを<ruby>捧<rt>ささ</rt></ruby>げよ！<ruby>勝利<rt>しょうり</rt></ruby>はもうすぐだ！,,<ruby>西軍<rt>せいぐん</rt></ruby>,,,,,,,,,
11,2,<ruby>三成<rt>みつなり</rt></ruby>に<ruby>過<rt>す</rt></ruby>ぎたる<ruby>者<rt>もの</rt></ruby>,<ruby>島左近<rt>しまさこん</rt></ruby>,<ruby>戦国時代<rt>せんごくじだい</rt></ruby>,<ruby>武士<rt>ぶし</rt></ruby>・<ruby>西軍<rt>せいぐん</rt></ruby>,,未定,<ruby>杭瀬<rt>くいせ</rt></ruby><ruby>川<rt>がわ</rt></ruby>の<ruby>戦<rt>たたか</rt></ruby>い,<ruby>左近<rt>さこん</rt></ruby>と<ruby>明石<rt>あかし</rt></ruby><ruby>全登<rt>てるずみ</rt></ruby>は<ruby>協力<rt>きょうりょく</rt></ruby>して<ruby>森<rt>もり</rt></ruby>の<ruby>中<rt>なか</rt></ruby>で<ruby>奇襲<rt>きしゅう</rt></ruby>をしかけたようだな。,未定,<ruby>赤色<rt>あかいろ</rt></ruby>の<ruby>前立<rt>まえた</rt></ruby>て,<ruby>左近<rt>さこん</rt></ruby>の<ruby>兜<rt>かぶと</rt></ruby>の<ruby>前立<rt>まえた</rt></ruby>ては<ruby>形<rt>かたち</rt></ruby>こそ<ruby>普通<rt>ふつう</rt></ruby>だが、<ruby>色<rt>いろ</rt></ruby>は<ruby>独特<rt>どくとく</rt></ruby>な<ruby>赤色<rt>あかいろ</rt></ruby>をしていた。,<ruby>杭瀬<rt>くいせ</rt></ruby><ruby>川<rt>がわ</rt></ruby>の<ruby>戦<rt>たたか</rt></ruby>い<<ruby>左近<rt>さこん</rt></ruby>>,<ruby>君臣<rt>くんしん</rt></ruby><ruby>禄<rt>ろく</rt></ruby>を<ruby>分<rt>わ</rt></ruby>かつ,<ruby>島左近<rt>しまさこん</rt></ruby>さんはどうして<ruby>西軍<rt>せいぐん</rt></ruby>についたの？,未定,<ruby>私<rt>わたし</rt></ruby>が<ruby>仕<rt>つか</rt></ruby>えていた<ruby>石田三成<rt>いしだみつなり</rt></ruby><ruby>殿<rt>との</rt></ruby>が<ruby>西軍<rt>せいぐん</rt></ruby>として<ruby>戦<rt>たたか</rt></ruby>ったからだ。<ruby>三成<rt>みつなり</rt></ruby><ruby>殿<rt>との</rt></ruby>はまだ<ruby>大<rt>だい</rt></ruby><ruby>身<rt>み</rt></ruby>となる<ruby>前<rt>まえ</rt></ruby>にこの<ruby>私<rt>わたし</rt></ruby>を<ruby>俸禄<rt>ほうろく</rt></ruby>の<ruby>半分<rt>はんぶん</rt></ruby>も<ruby>割<rt>さ</rt></ruby>いて<ruby>私<rt>わたし</rt></ruby>を<ruby>雇<rt>やと</rt></ruby>ってくれた。その<ruby>期待<rt>きたい</rt></ruby>に<ruby>応<rt>こた</rt></ruby>えるためにも<ruby>三成<rt>みつなり</rt></ruby><ruby>殿<rt>との</rt></ruby>が<ruby>西軍<rt>せいぐん</rt></ruby>で<ruby>勝<rt>か</rt></ruby>つよう<ruby>従軍<rt>じゅうぐん</rt></ruby>したのだ。,<ruby>関ヶ原<rt>せきがはら</rt></ruby><ruby>本戦<rt>ほんせん</rt></ruby>ではどんな<ruby>活躍<rt>かつやく</rt></ruby>をしたの？,未定,あまり<ruby>戦<rt>いくさ</rt></ruby>が<ruby>得意<rt>とくい</rt></ruby>でない<ruby>三成<rt>みつなり</rt></ruby><ruby>殿<rt>との</rt></ruby>を<ruby>補佐<rt>ほさ</rt></ruby>する<ruby>形<rt>かたち</rt></ruby>で<ruby>兵<rt>へい</rt></ruby>を<ruby>率<rt>ひき</rt></ruby>いた。<ruby>少<rt>すこ</rt></ruby>しでも<ruby>勝<rt>か</rt></ruby>ち<ruby>目<rt>め</rt></ruby>を<ruby>作<rt>つく</rt></ruby>るために、<ruby>明石<rt>あかし</rt></ruby><ruby>全登<rt>てるずみ</rt></ruby><ruby>殿<rt>との</rt></ruby>と<ruby>共<rt>とも</rt></ruby>に<ruby>杭瀬<rt>くいせ</rt></ruby><ruby>川<rt>かわ</rt></ruby>にいた<ruby>東軍<rt>とうぐん</rt></ruby>に<ruby>奇襲<rt>きしゅう</rt></ruby>をかけて<ruby>勝利<rt>しょうり</rt></ruby>。<ruby>西軍<rt>せいぐん</rt></ruby>の<ruby>方々<rt>かたがた</rt></ruby>を<ruby>勇気<rt>ゆうき</rt></ruby>づけたぞ。,それで、<ruby>関ヶ原<rt>せきがはら</rt></ruby>の<ruby>戦<rt>たたか</rt></ruby>いでは<ruby>最後<rt>さいご</rt></ruby>どうなったの？,未定,<ruby>戦<rt>たたか</rt></ruby>いは<ruby>西軍<rt>せいぐん</rt></ruby><ruby>有利<rt>ゆうり</rt></ruby>で<ruby>進<rt>すす</rt></ruby>んでいたのだが、ご<ruby>存知<rt>ぞんじ</rt></ruby>の<ruby>通<rt>とお</rt></ruby>り、<ruby>小早川秀秋<rt>こばやかわひであき</rt></ruby>たちの<ruby>裏切<rt>うらぎ</rt></ruby>りで<ruby>西軍<rt>せいぐん</rt></ruby>は<ruby>瓦解<rt>がかい</rt></ruby>。<ruby>私<rt>わたし</rt></ruby>は<ruby>主君<rt>しゅくん</rt></ruby>を<ruby>守<rt>まも</rt></ruby>るために<ruby>奮戦<rt>ふんせん</rt></ruby>。<ruby>存分<rt>ぞんぶん</rt></ruby>に<ruby>暴<rt>あば</rt></ruby>れ<ruby>東軍<rt>とうぐん</rt></ruby>に<ruby>恐怖<rt>きょうふ</rt></ruby>を<ruby>植<rt>う</rt></ruby>え<ruby>付<rt>つ</rt></ruby>けてやったが、<ruby>最後<rt>さいご</rt></ruby>は<ruby>討<rt>う</rt></ruby>ち<ruby>取<rt>と</rt></ruby>られてしまった。,<ruby>俸禄<rt>ほうろく</rt></ruby>とはなんのことか<ruby>分<rt>わ</rt></ruby>かるだろうか？,<ruby>三成<rt>みつなり</rt></ruby><ruby>殿<rt>との</rt></ruby>に<ruby>高禄<rt>こうろく</rt></ruby>で<ruby>召<rt>め</rt></ruby>し<ruby>抱<rt>かか</rt></ruby>えて<ruby>頂<rt>いただ</rt></ruby>いた<ruby>御恩<rt>ごおん</rt></ruby>、<ruby>今<rt>いま</rt></ruby><ruby>返<rt>かえ</rt></ruby>す<ruby>時<rt>とき</rt></ruby>！<ruby>我<rt>わ</rt></ruby>が<ruby>武<rt>ぶ</rt></ruby>に<ruby>身<rt>み</rt></ruby>の<ruby>毛<rt>け</rt></ruby>を<ruby>逆立<rt>さかだ</rt></ruby>て<ruby>慄<rt>おのの</rt></ruby>くがよい！,,<ruby>西軍<rt>せいぐん</rt></ruby>,,,,,,,,,
12,17,<ruby>義挙<rt>ぎきょ</rt></ruby>か<ruby>暴挙<rt>ぼうきょ</rt></ruby>か,<ruby>石田三成<rt>いしだみつなり</rt></ruby>,<ruby>戦国時代<rt>せんごくじだい</rt></ruby>,<ruby>武士<rt>ぶし</rt></ruby>・<ruby>西軍<rt>せいぐん</rt></ruby>,,未定,<ruby>大<rt>だい</rt></ruby><ruby>一<rt>いち</rt></ruby><ruby>大<rt>だい</rt></ruby><ruby>万<rt>まん</rt></ruby><ruby>大吉<rt>だいきち</rt></ruby>の<ruby>旗<rt>はた</rt></ruby>,<ruby>一<rt>いち</rt></ruby><ruby>人<rt>ひと</rt></ruby>が<ruby>皆<rt>みな</rt></ruby>のために、<ruby>皆<rt>みな</rt></ruby>が<ruby>一<rt>いち</rt></ruby><ruby>人<rt>ひと</rt></ruby>のために、か。それが<ruby>本当<rt>ほんとう</rt></ruby>になれば<ruby>皆<rt>みな</rt></ruby><ruby>幸福<rt>こうふく</rt></ruby>になるだろう。,未定,<ruby>乱髪<rt>みだれがみ</rt></ruby><ruby>天衝<rt>てんつき</rt></ruby><ruby>脇立<rt>わきだち</rt></ruby><ruby>兜<rt>かぶと</rt></ruby>,<ruby>天<rt>てん</rt></ruby><ruby>高<rt>たか</rt></ruby>く<ruby>伸<rt>の</rt></ruby>びる<ruby>脇立<rt>わきだち</rt></ruby>と<ruby>振<rt>ふ</rt></ruby>り<ruby>乱<rt>みだ</rt></ruby>した<ruby>髪<rt>かみ</rt></ruby><ruby>模様<rt>もよう</rt></ruby>は、まるで<ruby>鬼<rt>おに</rt></ruby>のように<ruby>見<rt>み</rt></ruby>えるな。,<ruby>文治派<rt>ぶんちは</rt></ruby><<ruby>成<rt>なる</rt></ruby>>,<ruby>内府<rt>ないふ</rt></ruby>ちがいの<ruby>条々<rt>じょうじょう</rt></ruby>,<ruby>石田三成<rt>いしだみつなり</rt></ruby>さん！  どうして<ruby>西軍<rt>せいぐん</rt></ruby>を<ruby>組織<rt>そしき</rt></ruby>したのか<ruby>聞<rt>き</rt></ruby>いてもいいですか？,未定,もちろんだ。<ruby>関ヶ原<rt>せきがはら</rt></ruby>の<ruby>戦<rt>たたか</rt></ruby>いというのは、<ruby>文禄<rt>ぶんろく</rt></ruby>・<ruby>慶長<rt>けいちょう</rt></ruby>の<ruby>役<rt>やく</rt></ruby>での<ruby>諍<rt>いさか</rt></ruby>いや<ruby>太閤<rt>たいこう</rt></ruby><ruby>様<rt>さま</rt></ruby><ruby>亡<rt>な</rt></ruby>き<ruby>後<rt>あと</rt></ruby>の<ruby>政治<rt>せいじ</rt></ruby><ruby>運営<rt>うんえい</rt></ruby>で<ruby>私<rt>わたし</rt></ruby>を<ruby>含<rt>ふく</rt></ruby>めた<ruby>五<rt>ご</rt></ruby><ruby>奉行<rt>ぶぎょう</rt></ruby>や<ruby>内府<rt>ないふ</rt></ruby><ruby>殿<rt>との</rt></ruby>の<ruby>五<rt>ご</rt></ruby><ruby>大老<rt>たいろう</rt></ruby>がそれぞれ<ruby>分裂<rt>ぶんれつ</rt></ruby>したことが<ruby>発端<rt>ほったん</rt></ruby>だったのだ。<ruby>東軍<rt>とうぐん</rt></ruby><ruby>西軍<rt>せいぐん</rt></ruby>と<ruby>分<rt>わ</rt></ruby>かれたのは<ruby>偶然<rt>ぐうぜん</rt></ruby>だったと<ruby>言<rt>い</rt></ruby>ってもいいだろう。,それでそれでっ？,未定,<ruby>私<rt>わたし</rt></ruby>は、<ruby>幼<rt>おさな</rt></ruby>い<ruby>頃<rt>ころ</rt></ruby>よりの<ruby>友<rt>とも</rt></ruby>、<ruby>大谷吉継<rt>おおたによしつぐ</rt></ruby>と<ruby>相談<rt>そうだん</rt></ruby>し、<ruby>毛利<rt>もうり</rt></ruby><ruby>輝元<rt>てるもと</rt></ruby><ruby>殿<rt>どの</rt></ruby>を<ruby>総<rt>そう</rt></ruby><ruby>大将<rt>たいしょう</rt></ruby>にかつぎ<ruby>上<rt>あ</rt></ruby>げて<ruby>決起<rt>けっき</rt></ruby>。<ruby>太閤<rt>たいこう</rt></ruby><ruby>様<rt>さま</rt></ruby>の<ruby>方針<rt>ほうしん</rt></ruby>をないがしろにする<ruby>家康<rt>いえやす</rt></ruby>を<ruby>糾弾<rt>きゅうだん</rt></ruby>した。<ruby>居城<rt>きょじょう</rt></ruby>の<ruby>大垣城<rt>おおがきじょう</rt></ruby>を<ruby>出<rt>で</rt></ruby>て<ruby>関ヶ原<rt>せきがはら</rt></ruby>に<ruby>布陣<rt>ふじん</rt></ruby>した。,<ruby>最後<rt>さいご</rt></ruby>はどうなったの？,未定,<ruby>関ヶ原<rt>せきがはら</rt></ruby>に<ruby>布陣<rt>ふじん</rt></ruby>したのはいいものの、あまりにも<ruby>多<rt>おお</rt></ruby>かった<ruby>裏切<rt>うらぎ</rt></ruby>り<ruby>者<rt>もの</rt></ruby>たちのせいで、<ruby>私<rt>わたし</rt></ruby>たちは<ruby>耐<rt>た</rt></ruby>えきれず<ruby>敗走<rt>はいそう</rt></ruby>。<ruby>私<rt>わたし</rt></ruby>は<ruby>捕縛<rt>ほばく</rt></ruby>されて、<ruby>六<rt>ろく</rt></ruby><ruby>条<rt>くだり</rt></ruby><ruby>河原<rt>がわら</rt></ruby>で<ruby>斬首<rt>ざんしゅ</rt></ruby>されたが、<ruby>最後<rt>さいご</rt></ruby>まで<ruby>豊家<rt>とよや</rt></ruby>、<ruby>永<rt>なが</rt></ruby>の<ruby>栄光<rt>えいこう</rt></ruby>を<ruby>諦<rt>あきら</rt></ruby>めることはなかった。,<ruby>関ヶ原<rt>せきがはら</rt></ruby>の<ruby>戦<rt>たたか</rt></ruby>いの<ruby>原因<rt>げんいん</rt></ruby>は<ruby>何<rt>なに</rt></ruby>か<ruby>答<rt>こた</rt></ruby>えてみよ,<ruby>豊家<rt>とよや</rt></ruby>をないがしろにする<ruby>家康<rt>いえやす</rt></ruby>よ、<ruby>必<rt>かなら</rt></ruby>ずやこの<ruby>私<rt>わたし</rt></ruby>が<ruby>討<rt>う</rt></ruby>ち<ruby>取<rt>と</rt></ruby>ってくれる！,,<ruby>西軍<rt>せいぐん</rt></ruby>,,,,,,,,,
13,15,<ruby>最期<rt>さいご</rt></ruby>の<ruby>一花<rt>ひとはな</rt></ruby>,<ruby>大谷吉継<rt>おおたによしつぐ</rt></ruby>,<ruby>戦国時代<rt>せんごくじだい</rt></ruby>,<ruby>武士<rt>ぶし</rt></ruby>・<ruby>西軍<rt>せいぐん</rt></ruby>,,未定,<ruby>辞世<rt>じせい</rt></ruby>の<ruby>句<rt>く</rt></ruby>のやり<ruby>取<rt>と</rt></ruby>り,<ruby>隣<rt>となり</rt></ruby>で<ruby>戦<rt>たたか</rt></ruby>っていた<ruby>大谷吉継<rt>おおたによしつぐ</rt></ruby>と<ruby>辞世<rt>じせい</rt></ruby>の<ruby>句<rt>く</rt></ruby>を<ruby>交換<rt>こうかん</rt></ruby>し<ruby>合<rt>あ</rt></ruby>ったらしいぞ。,未定,<ruby>黒塗<rt>くろぬり</rt></ruby><ruby>黒糸威<rt>くろいとおどし</rt></ruby><ruby>伊予<rt>いよ</rt></ruby><ruby>札<rt>さつ</rt></ruby><ruby>二<rt>に</rt></ruby><ruby>枚<rt>びら</rt></ruby><ruby>胴<rt>どう</rt></ruby>と<ruby>頭巾<rt>ずきん</rt></ruby>,<ruby>吉継<rt>よしつぐ</rt></ruby>は<ruby>病気<rt>びょうき</rt></ruby>で<ruby>醜<rt>みにく</rt></ruby>くなってしまった<ruby>顔<rt>かお</rt></ruby>を<ruby>頭巾<rt>ずきん</rt></ruby>で<ruby>隠<rt>かく</rt></ruby>して<ruby>戦<rt>たたか</rt></ruby>ったとよく<ruby>言<rt>い</rt></ruby>われるな。,<ruby>文治派<rt>ぶんちは</rt></ruby><<ruby>継<rt>つぐ</rt></ruby>>,<ruby>北国<rt>ほっこく</rt></ruby><ruby>調略<rt>ちょうりゃく</rt></ruby>,<ruby>大谷<rt>おおや</rt></ruby>さん！  <ruby>大谷<rt>おおや</rt></ruby>さんがどうして<ruby>西軍<rt>せいぐん</rt></ruby>についたのか、<ruby>聞<rt>き</rt></ruby>いてもいい？,未定,<ruby>構<rt>かま</rt></ruby>わぬ。<ruby>西軍<rt>せいぐん</rt></ruby>についたのはただ<ruby>一<rt>いち</rt></ruby>つ。<ruby>我<rt>わ</rt></ruby>が<ruby>友<rt>とも</rt></ruby>の<ruby>石田三成<rt>いしだみつなり</rt></ruby>が<ruby>亡<rt>な</rt></ruby>き<ruby>太閤<rt>たいこう</rt></ruby><ruby>様<rt>さま</rt></ruby>の<ruby>方針<rt>ほうしん</rt></ruby>と<ruby>違<rt>ちが</rt></ruby>うことをしている<ruby>徳川<rt>とくがわ</rt></ruby><ruby>家康<rt>いえやす</rt></ruby>とその<ruby>周<rt>まわ</rt></ruby>りの<ruby>奴<rt>やつ</rt></ruby>らを<ruby>糾弾<rt>きゅうだん</rt></ruby>すると<ruby>言<rt>い</rt></ruby>ったからだ。<ruby>私<rt>わたし</rt></ruby>は<ruby>勝<rt>か</rt></ruby>ち<ruby>目<rt>め</rt></ruby>があまりないことを<ruby>諭<rt>さと</rt></ruby>したが、<ruby>三成<rt>みつなり</rt></ruby>の<ruby>心<rt>こころ</rt></ruby>は<ruby>固<rt>かた</rt></ruby>かった。,それでも、<ruby>関ヶ原<rt>せきがはら</rt></ruby>に<ruby>行<rt>い</rt></ruby>ったのよね？,未定,<ruby>如何<rt>どう</rt></ruby>にも。<ruby>私<rt>わたし</rt></ruby>は<ruby>病<rt>やまい</rt></ruby>が<ruby>長<rt>なが</rt></ruby>く、<ruby>先<rt>さき</rt></ruby>は<ruby>長<rt>なが</rt></ruby>くなかったからな。<ruby>私<rt>わたし</rt></ruby>と<ruby>親<rt>ちか</rt></ruby>しかった<ruby>北陸<rt>ほくりく</rt></ruby>の<ruby>諸侯<rt>しょこう</rt></ruby>が<ruby>関ヶ原<rt>せきがはら</rt></ruby>に<ruby>来<rt>こ</rt></ruby>ないようにして、<ruby>関ヶ原<rt>せきがはら</rt></ruby>に<ruby>赴<rt>おもむ</rt></ruby>いた。ここが<ruby>最期<rt>さいご</rt></ruby>の<ruby>見<rt>み</rt></ruby>せ<ruby>場<rt>ば</rt></ruby>だったから、<ruby>全力<rt>ぜんりょく</rt></ruby>で<ruby>戦<rt>たたか</rt></ruby>ったぞ。,<ruby>最後<rt>さいご</rt></ruby>にどうなったか<ruby>聞<rt>き</rt></ruby>いてもいい？,未定,<ruby>過<rt>す</rt></ruby>ぎたことだからな。<ruby>隣<rt>となり</rt></ruby>に<ruby>布陣<rt>ふじん</rt></ruby>した<ruby>平塚為広<rt>ひらつかためひろ</rt></ruby><ruby>殿<rt>どの</rt></ruby>と<ruby>共<rt>とも</rt></ruby>に、<ruby>死力<rt>しりょく</rt></ruby>を<ruby>尽<rt>つ</rt></ruby>くして<ruby>戦<rt>たたか</rt></ruby>い<ruby>続<rt>つづ</rt></ruby>けたが、あの<ruby>小早川秀秋<rt>こばやかわひであき</rt></ruby>が<ruby>裏切<rt>うらぎ</rt></ruby>って、<ruby>私<rt>わたし</rt></ruby>の<ruby>陣<rt>じん</rt></ruby>に<ruby>押<rt>お</rt></ruby>し<ruby>寄<rt>よ</rt></ruby>せたせいで、<ruby>味方<rt>みかた</rt></ruby>は<ruby>耐<rt>た</rt></ruby>えきれず、<ruby>私<rt>わたし</rt></ruby>も<ruby>首<rt>くび</rt></ruby>だけは<ruby>渡<rt>わた</rt></ruby>すまいと<ruby>自害<rt>じがい</rt></ruby>。<ruby>首<rt>くび</rt></ruby>は<ruby>今<rt>いま</rt></ruby>も<ruby>見<rt>み</rt></ruby>つかっていないはずだ。,<ruby>我<rt>わ</rt></ruby>が<ruby>友<rt>とも</rt></ruby>と<ruby>言<rt>い</rt></ruby>えば、<ruby>誰<rt>だれ</rt></ruby>か<ruby>分<rt>わ</rt></ruby>かるか？,<ruby>友<rt>とも</rt></ruby>のため、<ruby>必<rt>かなら</rt></ruby>ず<ruby>勝<rt>か</rt></ruby>つ！,,<ruby>西軍<rt>せいぐん</rt></ruby>,,,,,,,,,
14,5,<ruby>怪力<rt>かいりき</rt></ruby>の<ruby>雷鳥<rt>らいちょう</rt></ruby>,<ruby>平塚為広<rt>ひらつかためひろ</rt></ruby>,<ruby>戦国時代<rt>せんごくじだい</rt></ruby>,<ruby>武士<rt>ぶし</rt></ruby>・<ruby>西軍<rt>せいぐん</rt></ruby>,,未定,<ruby>辞世<rt>じせい</rt></ruby>の<ruby>句<rt>く</rt></ruby>のやり<ruby>取<rt>と</rt></ruby>り,<ruby>隣<rt>となり</rt></ruby>で<ruby>戦<rt>たたか</rt></ruby>っていた<ruby>大谷吉継<rt>おおたによしつぐ</rt></ruby>と<ruby>辞世<rt>じせい</rt></ruby>の<ruby>句<rt>く</rt></ruby>を<ruby>交換<rt>こうかん</rt></ruby>し<ruby>合<rt>あ</rt></ruby>ったらしいぞ。,未定,<ruby>平塚<rt>ひらつか</rt></ruby>の<ruby>子孫<rt>しそん</rt></ruby>,<ruby>為広<rt>ためひろ</rt></ruby>の<ruby>子孫<rt>しそん</rt></ruby>には<ruby>女性<rt>じょせい</rt></ruby><ruby>運動家<rt>うんどうか</rt></ruby>の<ruby>平塚<rt>ひらつか</rt></ruby>らいてうがいるのよ。,<ruby>垂井城主<rt>たるいじょうしゅ</rt></ruby>,<ruby>辞世<rt>じせい</rt></ruby>の<ruby>返歌<rt>へんか</rt></ruby>,<ruby>平塚為広<rt>ひらつかためひろ</rt></ruby>さんはどうして<ruby>西軍<rt>せいぐん</rt></ruby>に？,未定,<ruby>亡<rt>な</rt></ruby>き<ruby>太閤<rt>たいこう</rt></ruby><ruby>様<rt>さま</rt></ruby>の<ruby>馬廻<rt>うままわり</rt></ruby>だった<ruby>私<rt>わたし</rt></ruby>は、そのまま<ruby>豊臣<rt>とよとみ</rt></ruby><ruby>秀頼<rt>ひでより</rt></ruby><ruby>様<rt>さま</rt></ruby>の<ruby>臣下<rt>しんか</rt></ruby>になっていたのです。<ruby>西軍<rt>せいぐん</rt></ruby>の<ruby>大谷吉継<rt>おおたによしつぐ</rt></ruby>さんとは<ruby>元<rt>もと</rt></ruby>から<ruby>友誼<rt>ゆうぎ</rt></ruby>があり、<ruby>関ヶ原<rt>せきがはら</rt></ruby>からほど<ruby>近<rt>ちか</rt></ruby>い<ruby>垂井城主<rt>たるいじょうしゅ</rt></ruby>になったこともあって<ruby>西軍<rt>せいぐん</rt></ruby>になったのですよ。,<ruby>関ヶ原<rt>せきがはら</rt></ruby><ruby>当時<rt>とうじ</rt></ruby>は、どんな<ruby>活躍<rt>かつやく</rt></ruby>をしていたの？,未定,<ruby>吉継<rt>よしつぐ</rt></ruby>さんと<ruby>一<rt>いち</rt></ruby><ruby>緒<rt>いとぐち</rt></ruby>に<ruby>三成<rt>みつなり</rt></ruby><ruby>殿<rt>との</rt></ruby>の<ruby>説得<rt>せっとく</rt></ruby>をしたのですが、<ruby>意志<rt>いし</rt></ruby>は<ruby>固<rt>かた</rt></ruby>く、<ruby>関ヶ原<rt>せきがはら</rt></ruby>に<ruby>赴<rt>おもむ</rt></ruby>きます。<ruby>直前<rt>ちょくぜん</rt></ruby>の<ruby>伏見城<rt>ふしみじょう</rt></ruby>の<ruby>戦<rt>たたか</rt></ruby>いで<ruby>活躍<rt>かつやく</rt></ruby>した<ruby>後<rt>あと</rt></ruby>、<ruby>裏切<rt>うらぎ</rt></ruby>りが<ruby>危惧<rt>きぐ</rt></ruby>された<ruby>小早川秀秋<rt>こばやかわひであき</rt></ruby>を<ruby>暗殺<rt>あんさつ</rt></ruby>しようともしたのです。,そんな<ruby>計画<rt>けいかく</rt></ruby>が……、それは<ruby>上手<rt>うま</rt></ruby>くいったの？,未定,<ruby>上手<rt>うま</rt></ruby>くいけば<ruby>良<rt>よ</rt></ruby>かったのですが、<ruby>露見<rt>ろけん</rt></ruby>してしまい、<ruby>結局<rt>けっきょく</rt></ruby>、<ruby>当<rt>とう</rt></ruby>の<ruby>秀秋<rt>ひであき</rt></ruby>に<ruby>横<rt>よこ</rt></ruby>から<ruby>大軍<rt>たいぐん</rt></ruby>で<ruby>突<rt>つ</rt></ruby>っ<ruby>込<rt>こ</rt></ruby>まれて、<ruby>私<rt>わたし</rt></ruby>や<ruby>隣<rt>となり</rt></ruby>の<ruby>吉継<rt>よしつぐ</rt></ruby>さんの<ruby>陣<rt>じん</rt></ruby>は<ruby>崩壊<rt>ほうかい</rt></ruby>。<ruby>吉継<rt>よしつぐ</rt></ruby>さんと<ruby>辞世<rt>じせい</rt></ruby>の<ruby>句<rt>く</rt></ruby>を<ruby>交換<rt>こうかん</rt></ruby>し<ruby>合<rt>あ</rt></ruby>って……その<ruby>後<rt>あと</rt></ruby>は<ruby>散<rt>ち</rt></ruby>り<ruby>散<rt>ぢ</rt></ruby>りになってしまいました。,<ruby>私<rt>わたし</rt></ruby>の<ruby>子孫<rt>しそん</rt></ruby>といえば、<ruby>誰<rt>だれ</rt></ruby>か<ruby>分<rt>わ</rt></ruby>かりますか？,<ruby>刑部<rt>おさべ</rt></ruby><ruby>殿<rt>どの</rt></ruby>、<ruby>共<rt>とも</rt></ruby>に<ruby>冥土<rt>めいど</rt></ruby>の<ruby>果<rt>は</rt></ruby>てまで<ruby>戦<rt>たたか</rt></ruby>い<ruby>抜<rt>ぬ</rt></ruby>きましょう！<ruby>皆<rt>みな</rt></ruby>の<ruby>者<rt>もの</rt></ruby>、<ruby>往<rt>い</rt></ruby>くぞ！,,<ruby>西軍<rt>せいぐん</rt></ruby>,,,,,,,,,
15,9,<ruby>薬<rt>くすり</rt></ruby><ruby>問屋<rt>どんや</rt></ruby>から<ruby>水軍<rt>すいぐん</rt></ruby><ruby>大将<rt>たいしょう</rt></ruby>へ,<ruby>小西<rt>こにし</rt></ruby><ruby>行長<rt>ゆきなが</rt></ruby>,<ruby>戦国時代<rt>せんごくじだい</rt></ruby>,<ruby>商人<rt>しょうにん</rt></ruby>・<ruby>武士<rt>ぶし</rt></ruby>・ｷﾘｼﾀﾝ・<ruby>水軍<rt>すいぐん</rt></ruby>・<ruby>西軍<rt>せいぐん</rt></ruby>,,未定,<ruby>十<rt>じゅう</rt></ruby><ruby>字<rt>じ</rt></ruby><ruby>架<rt>たるき</rt></ruby>を<ruby>抱<rt>かか</rt></ruby>えて,<ruby>キリスト<rt>きりすと</rt></ruby><ruby>教<rt>きょう</rt></ruby>って<ruby>仏教徒<rt>ぶっきょうと</rt></ruby>みたいに<ruby>自害<rt>じがい</rt></ruby>できないって<ruby>聞<rt>き</rt></ruby>いたけど、<ruby>本当<rt>ほんとう</rt></ruby>かしらね？,未定,<ruby>宇土城<rt>うどじょう</rt></ruby>,<ruby>行長<rt>ゆきなが</rt></ruby>は<ruby>自身<rt>じしん</rt></ruby>の<ruby>水軍<rt>すいぐん</rt></ruby>を<ruby>動<rt>うご</rt></ruby>かしやすいように、<ruby>海沿<rt>うみぞ</rt></ruby>いに<ruby>本拠<rt>ほんきょ</rt></ruby>を<ruby>設<rt>もう</rt></ruby>けていたのよ。,<ruby>文治派<rt>ぶんちは</rt></ruby><<ruby>行<rt>ゆく</rt></ruby>>,<ruby>宇土城<rt>うどじょう</rt></ruby><ruby>籠城<rt>ろうじょう</rt></ruby>,<ruby>小西<rt>こにし</rt></ruby><ruby>行長<rt>ゆきなが</rt></ruby>さんは、どうして<ruby>西軍<rt>せいぐん</rt></ruby>に？,未定,<ruby>関ヶ原<rt>せきがはら</rt></ruby>の<ruby>直前<rt>ちょくぜん</rt></ruby>までは<ruby>徳川<rt>とくがわ</rt></ruby><ruby>家康<rt>いえやす</rt></ruby><ruby>殿<rt>どの</rt></ruby>に<ruby>接近<rt>せっきん</rt></ruby>しておったのじゃが、<ruby>直前<rt>ちょくぜん</rt></ruby>の<ruby>朝鮮<rt>ちょうせん</rt></ruby>の<ruby>役<rt>やく</rt></ruby>での<ruby>戦後<rt>せんご</rt></ruby><ruby>処理<rt>しょり</rt></ruby>などを<ruby>一<rt>いち</rt></ruby><ruby>緒<rt>いとぐち</rt></ruby>にやった<ruby>石田三成<rt>いしだみつなり</rt></ruby><ruby>殿<rt>との</rt></ruby>や<ruby>大谷吉継<rt>おおたによしつぐ</rt></ruby><ruby>殿<rt>どの</rt></ruby>の<ruby>肩<rt>かた</rt></ruby>を<ruby>持<rt>も</rt></ruby>つことに<ruby>決<rt>き</rt></ruby>めたのじゃ。,<ruby>関ヶ原<rt>せきがはら</rt></ruby>の<ruby>戦<rt>たたか</rt></ruby>いでは、どんな<ruby>活躍<rt>かつやく</rt></ruby>をしたの？,未定,<ruby>関ヶ原<rt>せきがはら</rt></ruby>の<ruby>戦<rt>たたか</rt></ruby>いは<ruby>大一番<rt>おおいちばん</rt></ruby>だと<ruby>思<rt>おも</rt></ruby>って、<ruby>国元<rt>くにもと</rt></ruby>の<ruby>兵<rt>へい</rt></ruby>を<ruby>全<rt>すべ</rt></ruby>て<ruby>引<rt>ひ</rt></ruby>き<ruby>連<rt>つ</rt></ruby>れて<ruby>参戦<rt>さんせん</rt></ruby>したのじゃ。その<ruby>甲斐<rt>かい</rt></ruby>あって、<ruby>宇喜多<rt>うきた</rt></ruby><ruby>秀家<rt>ひでいえ</rt></ruby><ruby>殿<rt>どの</rt></ruby>と<ruby>共<rt>とも</rt></ruby>に<ruby>西軍<rt>せいぐん</rt></ruby>の<ruby>主力<rt>しゅりょく</rt></ruby>として<ruby>活躍<rt>かつやく</rt></ruby>したぞ。<ruby>皆<rt>みな</rt></ruby>、デウス<ruby>様<rt>さま</rt></ruby>を<ruby>信<rt>しん</rt></ruby>じて<ruby>戦<rt>たたか</rt></ruby>ったのじゃが……。,もしかして……。,未定,<ruby>察<rt>さっ</rt></ruby>しがついているかもしれないが、<ruby>六<rt>ろく</rt></ruby><ruby>時間<rt>じかん</rt></ruby><ruby>戦<rt>たたか</rt></ruby>い<ruby>続<rt>つづ</rt></ruby>けた<ruby>我<rt>われ</rt></ruby>が<ruby>軍<rt>ぐん</rt></ruby>は<ruby>力尽<rt>ちからつ</rt></ruby>きてしまったのじゃ。そのままワシは<ruby>捕縛<rt>ほばく</rt></ruby>され、<ruby>六<rt>ろく</rt></ruby><ruby>条<rt>くだり</rt></ruby><ruby>河原<rt>がわら</rt></ruby>に<ruby>突<rt>つ</rt></ruby>き<ruby>出<rt>だ</rt></ruby>され、<ruby>石田三成<rt>いしだみつなり</rt></ruby><ruby>殿<rt>との</rt></ruby>や<ruby>安国寺恵瓊<rt>あんこくじえけい</rt></ruby><ruby>殿<rt>どの</rt></ruby>と<ruby>共<rt>とも</rt></ruby>に<ruby>斬首<rt>ざんしゅ</rt></ruby>されてしまったぞ。,ワシのような<ruby>キリスト<rt>きりすと</rt></ruby><ruby>教<rt>きょう</rt></ruby>を<ruby>信<rt>しん</rt></ruby>じていた<ruby>者<rt>もの</rt></ruby>をなんというか、<ruby>知<rt>し</rt></ruby>っておるか？,<ruby>皆<rt>みな</rt></ruby>の<ruby>者<rt>もの</rt></ruby>、ここは<ruby>耐<rt>た</rt></ruby>えるのじゃ！<ruby>必<rt>かなら</rt></ruby>ずや<ruby>我<rt>われ</rt></ruby>らがデウス<ruby>様<rt>さま</rt></ruby>が<ruby>救<rt>すく</rt></ruby>ってくださりますぞ！,,<ruby>西軍<rt>せいぐん</rt></ruby>,,,,,,,,,
16,12,<ruby>少数精鋭<rt>しょうすうせいえい</rt></ruby>の<ruby>極致<rt>きょくち</rt></ruby>,<ruby>島津<rt>しまづ</rt></ruby><ruby>義弘<rt>よしひろ</rt></ruby>,<ruby>戦国<rt>せんごく</rt></ruby>・<ruby>江戸時代<rt>えどじだい</rt></ruby>,<ruby>武士<rt>ぶし</rt></ruby>・<ruby>僧<rt>そう</rt></ruby>・<ruby>西軍<rt>せいぐん</rt></ruby>・<ruby>薩摩<rt>さつま</rt></ruby><ruby>藩<rt>はん</rt></ruby>,,未定,<ruby>島津<rt>しまづ</rt></ruby>の<ruby>退<rt>の</rt></ruby>き<ruby>口<rt>ぐち</rt></ruby>,<ruby>義弘<rt>よしひろ</rt></ruby>は<ruby>自害<rt>じがい</rt></ruby>しようとしたらしいが、<ruby>甥<rt>おい</rt></ruby>の<ruby>豊久<rt>とよひさ</rt></ruby>に<ruby>止<rt>と</rt></ruby>められて、<ruby>薩摩<rt>さつま</rt></ruby>に<ruby>帰<rt>かえ</rt></ruby>った。,未定,<ruby>伏見城<rt>ふしみじょう</rt></ruby>,<ruby>義弘<rt>よしひろ</rt></ruby>は<ruby>東軍<rt>とうぐん</rt></ruby>につこうとしたら<ruby>受<rt>う</rt></ruby>け<ruby>入<rt>い</rt></ruby>れてもらえなかったのよ。,<ruby>伏見城<rt>ふしみじょう</rt></ruby>の<ruby>戦<rt>たたか</rt></ruby>い,<ruby>島津<rt>しまづ</rt></ruby>の<ruby>退<rt>の</rt></ruby>き<ruby>口<rt>ぐち</rt></ruby><<ruby>捨<rt>すて</rt></ruby>>,<ruby>島津<rt>しまづ</rt></ruby><ruby>義弘<rt>よしひろ</rt></ruby>さんは、どうして<ruby>西軍<rt>せいぐん</rt></ruby>に？,未定,<ruby>薩摩<rt>さつま</rt></ruby>からはるばる<ruby>来<rt>き</rt></ruby>たおいだが、<ruby>兄貴<rt>あにき</rt></ruby>の<ruby>義久<rt>よしひさ</rt></ruby><ruby>共々<rt>ともども</rt></ruby><ruby>東軍<rt>とうぐん</rt></ruby>が<ruby>勝<rt>か</rt></ruby>つと<ruby>思<rt>おも</rt></ruby>っていたから、<ruby>東軍<rt>とうぐん</rt></ruby>につこうとしたんだが、<ruby>訪<rt>おとず</rt></ruby>れた<ruby>伏見城<rt>ふしみじょう</rt></ruby>で<ruby>追<rt>お</rt></ruby>い<ruby>返<rt>かえ</rt></ruby>されてしまってな……、<ruby>仕方<rt>しかた</rt></ruby>なく<ruby>西軍<rt>せいぐん</rt></ruby>につくしかなかったのさ。,じゃあ、<ruby>関ヶ原<rt>せきがはら</rt></ruby>では<ruby>小早川秀秋<rt>こばやかわひであき</rt></ruby>さんとかと<ruby>同<rt>おな</rt></ruby>じく<ruby>裏切<rt>うらぎ</rt></ruby>りしたの？,未定,いんや。<ruby>裏切<rt>うらぎ</rt></ruby>りは<ruby>薩摩隼人<rt>さつまはやと</rt></ruby>の<ruby>戦<rt>たたか</rt></ruby>い<ruby>方<rt>かた</rt></ruby>に<ruby>反<rt>はん</rt></ruby>するからせん。<ruby>国元<rt>くにもと</rt></ruby>の<ruby>一<rt>いち</rt></ruby><ruby>揆<rt>き</rt></ruby>のせいで<ruby>全然<rt>ぜんぜん</rt></ruby><ruby>兵<rt>へい</rt></ruby>はいなかったが、<ruby>本州<rt>ほんしゅう</rt></ruby>の<ruby>雑魚<rt>ざこ</rt></ruby>どもを<ruby>蹴散<rt>けち</rt></ruby>らしてやった。<ruby>数<rt>かず</rt></ruby>が<ruby>少<rt>すく</rt></ruby>ないせいで<ruby>大勢<rt>おおぜい</rt></ruby>には<ruby>影響<rt>えいきょう</rt></ruby>なかったがな。,<ruby>関ヶ原<rt>せきがはら</rt></ruby>が<ruby>終<rt>お</rt></ruby>わったらどうなったの？,未定,<ruby>味方<rt>みかた</rt></ruby>が<ruby>勝手<rt>かって</rt></ruby>に<ruby>退却<rt>たいきゃく</rt></ruby>し<ruby>始<rt>はじ</rt></ruby>めたせいで、<ruby>東軍<rt>とうぐん</rt></ruby>の<ruby>大軍<rt>たいぐん</rt></ruby>の<ruby>中<rt>なか</rt></ruby>に<ruby>取<rt>と</rt></ruby>り<ruby>残<rt>のこ</rt></ruby>されてしまったおいは<ruby>自害<rt>じがい</rt></ruby>も<ruby>考<rt>かんが</rt></ruby>えたが、<ruby>甥<rt>おい</rt></ruby>の<ruby>豊久<rt>とよひさ</rt></ruby>が<ruby>生<rt>い</rt></ruby>き<ruby>延<rt>の</rt></ruby>びよと<ruby>説得<rt>せっとく</rt></ruby>してくれたおかげで、<ruby>目<rt>め</rt></ruby>が<ruby>覚<rt>さ</rt></ruby>めた。<ruby>敵<rt>てき</rt></ruby>の<ruby>真<rt>ま</rt></ruby>っ<ruby>只中<rt>ただなか</rt></ruby>を<ruby>突破<rt>とっぱ</rt></ruby>して、<ruby>薩摩<rt>さつま</rt></ruby>に<ruby>帰<rt>かえ</rt></ruby>ったぞ。,おいの<ruby>故郷<rt>こきょう</rt></ruby>はどこか<ruby>分<rt>わ</rt></ruby>かるか？,こうなっては<ruby>仕方<rt>しかた</rt></ruby>あるまい。<ruby>豊久<rt>とよひさ</rt></ruby>よ、<ruby>薩摩隼人<rt>さつまはやと</rt></ruby>の<ruby>恐<rt>おそ</rt></ruby>ろしさ、<ruby>存分<rt>ぞんぶん</rt></ruby>に<ruby>刻<rt>きざ</rt></ruby>み<ruby>込<rt>こ</rt></ruby>んでやろう。,,<ruby>西軍<rt>せいぐん</rt></ruby>,,,,,,,,,
17,3,<ruby>無双<rt>むそう</rt></ruby>の<ruby>美童<rt>びどう</rt></ruby>,<ruby>島津豊久<rt>しまづとよひさ</rt></ruby>,<ruby>戦国時代<rt>せんごくじだい</rt></ruby>,<ruby>武士<rt>ぶし</rt></ruby>・<ruby>西軍<rt>せいぐん</rt></ruby>,,未定,<ruby>島津<rt>しまづ</rt></ruby>の<ruby>退<rt>の</rt></ruby>き<ruby>口<rt>ぐち</rt></ruby>,<ruby>豊久<rt>とよひさ</rt></ruby>は<ruby>薩摩<rt>さつま</rt></ruby>で<ruby>影響力<rt>えいきょうりょく</rt></ruby>のあった<ruby>伯父<rt>おじ</rt></ruby>を<ruby>生<rt>い</rt></ruby>き<ruby>残<rt>のこ</rt></ruby>らせるために<ruby>奮闘<rt>ふんとう</rt></ruby>したぞ。,未定,<ruby>捨<rt>す</rt></ruby>て<ruby>奸<rt>がまり</rt></ruby>,<ruby>捨<rt>す</rt></ruby>て<ruby>奸<rt>がまり</rt></ruby>っていうのは、<ruby>座<rt>すわ</rt></ruby>って<ruby>安定<rt>あんてい</rt></ruby>した<ruby>状態<rt>じょうたい</rt></ruby>で<ruby>敵<rt>てき</rt></ruby>を<ruby>銃殺<rt>じゅうさつ</rt></ruby>するやり<ruby>方<rt>かた</rt></ruby>なんだけど、こんなやり<ruby>方<rt>かた</rt></ruby>したら<ruby>逃<rt>に</rt></ruby>げられないわ……。,<ruby>島津<rt>しまづ</rt></ruby>の<ruby>退<rt>の</rt></ruby>き<ruby>口<rt>ぐち</rt></ruby><<ruby>奸<rt>がまり</rt></ruby>>,ー,<ruby>島津豊久<rt>しまづとよひさ</rt></ruby>さんは、どうして<ruby>西軍<rt>せいぐん</rt></ruby>へ？,未定,おいの<ruby>親父<rt>おやじ</rt></ruby>は<ruby>島津家久<rt>しまづいえひさ</rt></ruby>という<ruby>戦<rt>たたか</rt></ruby>いの<ruby>天才<rt>てんさい</rt></ruby>だったが、<ruby>早<rt>はや</rt></ruby>くになくなってしもてな、おいは<ruby>家久<rt>いえひさ</rt></ruby>の<ruby>兄<rt>あに</rt></ruby>にあたる<ruby>義弘<rt>よしひろ</rt></ruby><ruby>殿<rt>どの</rt></ruby>の<ruby>下<rt>した</rt></ruby>で<ruby>育<rt>そだ</rt></ruby>ったんだ。だから<ruby>伯父貴<rt>おじき</rt></ruby>が<ruby>西軍<rt>せいぐん</rt></ruby>につくなら<ruby>西軍<rt>せいぐん</rt></ruby>につくしかないのさ。,<ruby>関ヶ原<rt>せきがはら</rt></ruby>ではどうなったの？,未定,おいの<ruby>故郷<rt>こきょう</rt></ruby>では<ruby>直前<rt>ちょくぜん</rt></ruby>に<ruby>一<rt>いち</rt></ruby><ruby>揆<rt>き</rt></ruby>があったせいで<ruby>兵<rt>へい</rt></ruby>が<ruby>少<rt>すく</rt></ruby>なくて、あまり<ruby>影響<rt>えいきょう</rt></ruby>はなかったが、<ruby>伯父貴<rt>おじき</rt></ruby>と<ruby>一<rt>いち</rt></ruby><ruby>緒<rt>いとぐち</rt></ruby>に<ruby>夜襲<rt>やしゅう</rt></ruby>の<ruby>提案<rt>ていあん</rt></ruby>をしたりしたぞ。<ruby>関ヶ原<rt>せきがはら</rt></ruby>では<ruby>乱戦<rt>らんせん</rt></ruby>だったから<ruby>伯父貴<rt>おじき</rt></ruby>と<ruby>離<rt>はな</rt></ruby>れてしまったりしたな。,その<ruby>後<rt>あと</rt></ruby>、どうなったの？  <ruby>薩摩<rt>さつま</rt></ruby>には<ruby>帰<rt>かえ</rt></ruby>れたの？,未定,いや、<ruby>合流<rt>ごうりゅう</rt></ruby>した<ruby>時<rt>とき</rt></ruby>には、<ruby>西軍<rt>せいぐん</rt></ruby>が<ruby>退却<rt>たいきゃく</rt></ruby>を<ruby>始<rt>はじ</rt></ruby>めていて、<ruby>伯父貴<rt>おじき</rt></ruby>は<ruby>弱気<rt>よわき</rt></ruby>になって<ruby>腹<rt>はら</rt></ruby>を<ruby>切<rt>き</rt></ruby>ろうとしていたから、おいは<ruby>伯父貴<rt>おじき</rt></ruby>が<ruby>薩摩<rt>さつま</rt></ruby>に<ruby>帰<rt>かえ</rt></ruby>れるように、<ruby>鉄砲<rt>てっぽう</rt></ruby>を<ruby>撃<rt>う</rt></ruby>ちまくったぞ。<ruby>座<rt>すわ</rt></ruby>ってやるやり<ruby>方<rt>かた</rt></ruby>が<ruby>捨<rt>す</rt></ruby>て<ruby>奸<rt>がまり</rt></ruby>と<ruby>呼<rt>よ</rt></ruby>ばれているな。,おいたちが<ruby>使<rt>つか</rt></ruby>った、<ruby>薩摩<rt>さつま</rt></ruby>ならではの<ruby>戦法<rt>せんぽう</rt></ruby>はなんだ？,<ruby>伯父貴<rt>おじき</rt></ruby>こそこれからの<ruby>島津<rt>しまづ</rt></ruby>に<ruby>必要<rt>ひつよう</rt></ruby>なお<ruby>人<rt>ひと</rt></ruby>。おいが<ruby>必<rt>かなら</rt></ruby>ずここで<ruby>食<rt>く</rt></ruby>い<ruby>止<rt>と</rt></ruby>めて<ruby>見<rt>み</rt></ruby>せようぞ！,,<ruby>西軍<rt>せいぐん</rt></ruby>,,,,,,,,,
18,23,<ruby>戦乱<rt>せんらん</rt></ruby>は<ruby>終<rt>お</rt></ruby>わらず,<ruby>大野治長<rt>おおのはるなが</rt></ruby>,<ruby>戦国<rt>せんごく</rt></ruby>/<ruby>江戸時代<rt>えどじだい</rt></ruby>,<ruby>武士<rt>ぶし</rt></ruby>・<ruby>東軍<rt>とうぐん</rt></ruby>,,未定,そして<ruby>大坂<rt>おおさか</rt></ruby>へ,<ruby>関ヶ原<rt>せきがはら</rt></ruby>の<ruby>戦<rt>たたか</rt></ruby>いの<ruby>後<rt>あと</rt></ruby>も<ruby>戦乱<rt>せんらん</rt></ruby>は<ruby>終<rt>お</rt></ruby>わらなかったのよ。,未定,,,<ruby>淀殿<rt>よどどの</rt></ruby>の<ruby>近侍<rt>きんじ</rt></ruby>,<ruby>家康<rt>いえやす</rt></ruby><ruby>暗殺<rt>あんさつ</rt></ruby><ruby>計画<rt>けいかく</rt></ruby>,<ruby>治長<rt>はるなが</rt></ruby>さんは、どうして<ruby>東軍<rt>とうぐん</rt></ruby>へ？,未定,<ruby>私<rt>わたし</rt></ruby>は<ruby>淀殿<rt>よどどの</rt></ruby>の<ruby>近侍<rt>きんじ</rt></ruby>ということで、<ruby>本来<rt>ほんらい</rt></ruby>は<ruby>西軍<rt>せいぐん</rt></ruby>として<ruby>参加<rt>さんか</rt></ruby>すべき<ruby>立場<rt>たちば</rt></ruby>だった……ゆえに、<ruby>秀頼<rt>ひでより</rt></ruby><ruby>公<rt>こう</rt></ruby>をないがしろにする<ruby>徳川<rt>とくがわ</rt></ruby><ruby>家康<rt>いえやす</rt></ruby>を<ruby>暗殺<rt>あんさつ</rt></ruby>しようとしたのだが、<ruby>露見<rt>ろけん</rt></ruby>。<ruby>徳<rt>とく</rt></ruby><ruby>川<rt>かわ</rt></ruby>の<ruby>下<rt>しも</rt></ruby>で<ruby>蟄居<rt>ちっきょ</rt></ruby>させられてしまったのだ。,<ruby>関ヶ原<rt>せきがはら</rt></ruby>の<ruby>時<rt>とき</rt></ruby>も？,未定,<ruby>否<rt>いな</rt></ruby>、<ruby>私<rt>わたし</rt></ruby>は<ruby>関ヶ原<rt>せきがはら</rt></ruby>の<ruby>直前<rt>ちょくぜん</rt></ruby>に<ruby>赦<rt>ゆる</rt></ruby>されたから、<ruby>参戦<rt>さんせん</rt></ruby>した。<ruby>石田三成<rt>いしだみつなり</rt></ruby>と<ruby>仲違<rt>なかたが</rt></ruby>いをして<ruby>東軍<rt>とうぐん</rt></ruby>についた<ruby>福島<rt>ふくしま</rt></ruby><ruby>正則<rt>まさのり</rt></ruby>と<ruby>共<rt>とも</rt></ruby>に<ruby>戦<rt>たたか</rt></ruby>ったぞ。ただ、あまり<ruby>大<rt>おお</rt></ruby>きな<ruby>戦果<rt>せんか</rt></ruby>は<ruby>挙<rt>あ</rt></ruby>げられなかった。,でも、それで<ruby>終<rt>お</rt></ruby>わりじゃなかったんでしょ？,未定,その<ruby>通<rt>とお</rt></ruby>り。<ruby>私<rt>わたし</rt></ruby>は<ruby>関ヶ原<rt>せきがはら</rt></ruby>が<ruby>終<rt>お</rt></ruby>わった<ruby>後<rt>あと</rt></ruby>、<ruby>徳川<rt>とくがわ</rt></ruby>の<ruby>使者<rt>ししゃ</rt></ruby>として<ruby>大坂<rt>おおさか</rt></ruby>に<ruby>入城<rt>にゅうじょう</rt></ruby>。そのまま<ruby>帰<rt>かえ</rt></ruby>らなかった。14<ruby>年<rt>ねん</rt></ruby>が<ruby>経<rt>た</rt></ruby>った<ruby>時<rt>とき</rt></ruby>、<ruby>後藤又兵衛<rt>ごとうまたべえ</rt></ruby>、<ruby>明石<rt>あかし</rt></ruby><ruby>全登<rt>てるずみ</rt></ruby>、<ruby>毛利勝永<rt>もうりかつなが</rt></ruby>らと<ruby>一<rt>いち</rt></ruby><ruby>緒<rt>いとぐち</rt></ruby>に<ruby>大坂<rt>おおさか</rt></ruby>の<ruby>陣<rt>じん</rt></ruby>を<ruby>戦<rt>たたか</rt></ruby>ったぞ。,<ruby>関ヶ原<rt>せきがはら</rt></ruby>の14<ruby>年<rt>ねん</rt></ruby><ruby>後<rt>ご</rt></ruby>に、<ruby>何<rt>なに</rt></ruby>が<ruby>起<rt>お</rt></ruby>きたか、<ruby>答<rt>こた</rt></ruby>えてみよ。,…たとえ<ruby>徳川<rt>とくがわ</rt></ruby>に<ruby>与<rt>あずかり</rt></ruby>そうとも、<ruby>心<rt>こころ</rt></ruby>は<ruby>豊臣<rt>とよとみ</rt></ruby>にあり…！<ruby>治部<rt>じぶ</rt></ruby><ruby>殿<rt>どの</rt></ruby>よ、<ruby>黄泉<rt>よみ</rt></ruby>の<ruby>国<rt>くに</rt></ruby>から<ruby>見<rt>み</rt></ruby>ておれ。,,<ruby>東軍<rt>とうぐん</rt></ruby>,,,,,,,,,
19,19,<ruby>笹<rt>ささ</rt></ruby>の<ruby>才蔵<rt>さいぞう</rt></ruby>,<ruby>可児<rt>かに</rt></ruby><ruby>才蔵<rt>さいぞう</rt></ruby>,<ruby>戦国<rt>せんごく</rt></ruby>/<ruby>江戸時代<rt>えどじだい</rt></ruby>,<ruby>武士<rt>ぶし</rt></ruby>・<ruby>東軍<rt>とうぐん</rt></ruby>・<ruby>広島<rt>ひろしま</rt></ruby><ruby>藩<rt>はん</rt></ruby>,,未定,<ruby>笹<rt>ささ</rt></ruby>を<ruby>背負<rt>しょ</rt></ruby>って,<ruby>才蔵<rt>さいぞう</rt></ruby>と<ruby>言<rt>い</rt></ruby>えば、<ruby>笹<rt>ささ</rt></ruby>よね。<ruby>討<rt>う</rt></ruby>ち<ruby>取<rt>と</rt></ruby>った<ruby>敵<rt>てき</rt></ruby>の<ruby>首<rt>くび</rt></ruby>に<ruby>笹<rt>ささ</rt></ruby>を<ruby>刺<rt>さ</rt></ruby>したと<ruby>言<rt>い</rt></ruby>われるわ。,未定,<ruby>伝<rt>でん</rt></ruby><ruby>可児<rt>かに</rt></ruby><ruby>才蔵<rt>さいぞう</rt></ruby><ruby>甲冑<rt>かっちゅう</rt></ruby>と<ruby>三<rt>さん</rt></ruby><ruby>叉<rt>また</rt></ruby><ruby>槍<rt>やり</rt></ruby>,<ruby>槍<rt>やり</rt></ruby>の<ruby>達人<rt>たつじん</rt></ruby>だった<ruby>才蔵<rt>さいぞう</rt></ruby>は<ruby>十<rt>じゅう</rt></ruby><ruby>文字<rt>もじ</rt></ruby>の<ruby>槍<rt>やり</rt></ruby>を<ruby>使<rt>つか</rt></ruby>っていたようだ。,<ruby>愛宕<rt>あたご</rt></ruby><ruby>権現<rt>ごんげん</rt></ruby>の<ruby>加護<rt>かご</rt></ruby>,<ruby>十<rt>じゅう</rt></ruby><ruby>七<rt>なな</rt></ruby>の<ruby>首<rt>くび</rt></ruby><ruby>笹<rt>ささ</rt></ruby>,<ruby>可児<rt>かに</rt></ruby><ruby>才蔵<rt>さいぞう</rt></ruby>さんは、どうして<ruby>東軍<rt>とうぐん</rt></ruby>についたんですか？,未定,フフ、<ruby>私<rt>わたし</rt></ruby>は<ruby>当時<rt>とうじ</rt></ruby><ruby>福島<rt>ふくしま</rt></ruby><ruby>正則<rt>まさのり</rt></ruby><ruby>殿<rt>どの</rt></ruby>の<ruby>配下<rt>はいか</rt></ruby>だったからな。<ruby>石田三成<rt>いしだみつなり</rt></ruby>と<ruby>敵対<rt>てきたい</rt></ruby>して<ruby>東軍<rt>とうぐん</rt></ruby>についた<ruby>福島<rt>ふくしま</rt></ruby><ruby>正則<rt>まさのり</rt></ruby>に<ruby>従<rt>したが</rt></ruby>う<ruby>私<rt>わたし</rt></ruby>が、<ruby>東軍<rt>とうぐん</rt></ruby>につくのは<ruby>必然<rt>ひつぜん</rt></ruby>だった<ruby>訳<rt>わけ</rt></ruby>だ。,それで、<ruby>関ヶ原<rt>せきがはら</rt></ruby>の<ruby>戦<rt>たたか</rt></ruby>いでは、どんな<ruby>活躍<rt>かつやく</rt></ruby>をしたんですか？,未定,よくぞ<ruby>聞<rt>き</rt></ruby>いてくれた。<ruby>私<rt>わたし</rt></ruby>は<ruby>先鋒<rt>せんぽう</rt></ruby>を<ruby>任<rt>まか</rt></ruby>された<ruby>正則<rt>せいそく</rt></ruby><ruby>殿<rt>どの</rt></ruby>の、まさに<ruby>先鋒<rt>せんぽう</rt></ruby><ruby>隊長<rt>たいちょう</rt></ruby>として<ruby>戦<rt>たたか</rt></ruby>い、<ruby>前哨戦<rt>ぜんしょうせん</rt></ruby>と<ruby>合<rt>あ</rt></ruby>わせて20もの<ruby>敵兵<rt>てきへい</rt></ruby>を<ruby>討<rt>う</rt></ruby>ち<ruby>取<rt>と</rt></ruby>ったのだ。<ruby>特<rt>とく</rt></ruby>に<ruby>本戦<rt>ほんせん</rt></ruby>での17の<ruby>首級<rt>しゅきゅう</rt></ruby>は<ruby>首実検<rt>くびじっけん</rt></ruby>に<ruby>持<rt>も</rt></ruby>っていくのが<ruby>大変<rt>たいへん</rt></ruby>だったから<ruby>笹<rt>ささ</rt></ruby>を<ruby>刺<rt>さ</rt></ruby>して<ruby>示<rt>しめ</rt></ruby>したぞ。<ruby>手向<rt>たむ</rt></ruby>けにな。,<ruby>凄<rt>すご</rt></ruby>いですね！  その<ruby>後<rt>あと</rt></ruby>も<ruby>正則<rt>まさのり</rt></ruby>さんに<ruby>従<rt>したが</rt></ruby>ったんですか？,未定,いかにも。<ruby>正則<rt>せいそく</rt></ruby><ruby>殿<rt>どの</rt></ruby>が<ruby>広島<rt>ひろしま</rt></ruby>に<ruby>転封<rt>てんぽう</rt></ruby>になったのに<ruby>付<rt>つ</rt></ruby>いていき、そのまま<ruby>同地<rt>どうち</rt></ruby>で<ruby>天寿<rt>てんじゅ</rt></ruby>を<ruby>迎<rt>むか</rt></ruby>えた。<ruby>私<rt>わたし</rt></ruby>は<ruby>愛宕<rt>あたご</rt></ruby><ruby>権現<rt>ごんげん</rt></ruby>を<ruby>深<rt>ふか</rt></ruby>く<ruby>信仰<rt>しんこう</rt></ruby>していたからな、<ruby>愛宕<rt>あたぎ</rt></ruby><ruby>様<rt>さま</rt></ruby>の<ruby>縁日<rt>えんにち</rt></ruby>に<ruby>死<rt>し</rt></ruby>ぬと<ruby>決<rt>き</rt></ruby>めていたのだ。,<ruby>私<rt>わたし</rt></ruby>が<ruby>笹<rt>ささ</rt></ruby>を<ruby>刺<rt>さ</rt></ruby>した<ruby>首級<rt>しゅきゅう</rt></ruby>の<ruby>数<rt>かず</rt></ruby>は、いくつか<ruby>答<rt>こた</rt></ruby>えてみてくれ。,<ruby>愛宕<rt>あたぎ</rt></ruby><ruby>様<rt>さま</rt></ruby>、どうか<ruby>黄泉<rt>よみ</rt></ruby>の<ruby>国<rt>くに</rt></ruby>にて<ruby>私<rt>わたし</rt></ruby>の<ruby>笹<rt>ささ</rt></ruby>を<ruby>数<rt>かぞ</rt></ruby>え<ruby>奉<rt>たてまつ</rt></ruby>り<ruby>給<rt>たま</rt></ruby>え！,,<ruby>東軍<rt>とうぐん</rt></ruby>,,,,,,,,,
20,32,<ruby>資性<rt>しせい</rt></ruby><ruby>強暴<rt>きょうぼう</rt></ruby>,<ruby>福島<rt>ふくしま</rt></ruby><ruby>正則<rt>まさのり</rt></ruby>,<ruby>戦国<rt>せんごく</rt></ruby>/<ruby>江戸時代<rt>えどじだい</rt></ruby>,<ruby>武士<rt>ぶし</rt></ruby>・<ruby>東軍<rt>とうぐん</rt></ruby>・<ruby>広島<rt>ひろしま</rt></ruby><ruby>藩<rt>はん</rt></ruby>,,未定,<ruby>小山評定<rt>おやまひょうじょう</rt></ruby>,<ruby>正則<rt>せいそく</rt></ruby>は<ruby>家康<rt>いえやす</rt></ruby>が<ruby>関ヶ原<rt>せきがはら</rt></ruby>に<ruby>向<rt>む</rt></ruby>かうかを<ruby>決<rt>き</rt></ruby>める<ruby>時<rt>とき</rt></ruby>に、<ruby>東軍<rt>とうぐん</rt></ruby>につくと<ruby>宣言<rt>せんげん</rt></ruby>したぞ,未定,<ruby>黒漆<rt>くろうるし</rt></ruby><ruby>塗<rt>まみれ</rt></ruby><ruby>桃<rt>もも</rt></ruby><ruby>形<rt>けい</rt></ruby><ruby>大水<rt>おおみず</rt></ruby><ruby>牛<rt>うし</rt></ruby><ruby>脇立<rt>わきだち</rt></ruby><ruby>兜<rt>かぶと</rt></ruby>,<ruby>福島<rt>ふくしま</rt></ruby><ruby>正則<rt>まさのり</rt></ruby>は<ruby>朝鮮<rt>ちょうせん</rt></ruby>の<ruby>役<rt>やく</rt></ruby>での<ruby>仲違<rt>なかたが</rt></ruby>いをきっかけに<ruby>兜<rt>かぶと</rt></ruby>を<ruby>交換<rt>こうかん</rt></ruby>して<ruby>仲直<rt>なかなお</rt></ruby>りしたと<ruby>言<rt>い</rt></ruby>われるぞ。,<ruby>小山評定<rt>おやまひょうじょう</rt></ruby><<ruby>第一声<rt>だいいっせい</rt></ruby>>,<ruby>武断<rt>ぶだん</rt></ruby><ruby>派<rt>は</rt></ruby>,<ruby>正則<rt>まさのり</rt></ruby>さんは、どうして<ruby>東軍<rt>とうぐん</rt></ruby>に？  <ruby>元々<rt>もともと</rt></ruby>、<ruby>石田三成<rt>いしだみつなり</rt></ruby>さんとかと<ruby>同<rt>おな</rt></ruby>じだったんでしょ？,未定,おいおいおい、それは<ruby>聞<rt>き</rt></ruby>き<ruby>捨<rt>ず</rt></ruby>てならねぇな。<ruby>俺様<rt>おれさま</rt></ruby>はあんな<ruby>政治<rt>せいじ</rt></ruby><ruby>野郎<rt>やろう</rt></ruby>とは<ruby>違<rt>ちが</rt></ruby>う。<ruby>朝鮮<rt>ちょうせん</rt></ruby>でも、ちゃんと<ruby>前線<rt>ぜんせん</rt></ruby>にいって<ruby>戦<rt>たたか</rt></ruby>ったんだぞ！  それなのに<ruby>小西<rt>こにし</rt></ruby><ruby>行長<rt>ゆきなが</rt></ruby>とか<ruby>三成<rt>みつなり</rt></ruby>の<ruby>野郎<rt>やろう</rt></ruby>たちは<ruby>認<rt>みと</rt></ruby>めようとしねぇ！  だから、アイツらを<ruby>倒<rt>たお</rt></ruby>すために<ruby>東軍<rt>とうぐん</rt></ruby>にしたのさ！,そんなにだったら、<ruby>関ヶ原<rt>せきがはら</rt></ruby>でも<ruby>戦<rt>たたか</rt></ruby>ったってこと？,未定,そうだ！  <ruby>俺様<rt>おれさま</rt></ruby>、<ruby>徳川<rt>とくがわ</rt></ruby>にとって<ruby>外様<rt>とざま</rt></ruby>なのに<ruby>栄<rt>は</rt></ruby>えある<ruby>先鋒<rt>せんぽう</rt></ruby>の<ruby>役<rt>やく</rt></ruby>を<ruby>任<rt>まか</rt></ruby>せられたんだぜ！  <ruby>当日<rt>とうじつ</rt></ruby>は<ruby>濃霧<rt>のうむ</rt></ruby>だったから<ruby>井伊直政<rt>いいなおまさ</rt></ruby>とか<ruby>松平忠吉<rt>まつだいらただよし</rt></ruby>の<ruby>野郎<rt>やろう</rt></ruby>どもに<ruby>遅<rt>おく</rt></ruby>れを<ruby>取<rt>と</rt></ruby>ることになってしまったがな、まあ、<ruby>関ヶ原<rt>せきがはら</rt></ruby>まで<ruby>東軍<rt>とうぐん</rt></ruby>を<ruby>先導<rt>せんどう</rt></ruby>する<ruby>役割<rt>やくわり</rt></ruby>もあったからな、とんとんってとこか。,そんなに<ruby>活躍<rt>かつやく</rt></ruby>したんなら、<ruby>関ヶ原<rt>せきがはら</rt></ruby>の<ruby>後<rt>あと</rt></ruby>も<ruby>結構<rt>けっこう</rt></ruby>いい<ruby>感<rt>かん</rt></ruby>じだったんじゃない？,未定,たしかにな。<ruby>関ヶ原<rt>せきがはら</rt></ruby>の<ruby>直後<rt>ちょくご</rt></ruby>は<ruby>毛利<rt>もうり</rt></ruby>の<ruby>領地<rt>りょうち</rt></ruby>だった<ruby>広島<rt>ひろしま</rt></ruby>を<ruby>丸々<rt>まるまる</rt></ruby>もらったな。だが、この<ruby>広島城<rt>ひろしまじょう</rt></ruby>が<ruby>雨漏<rt>あまも</rt></ruby>りしちまってよ、<ruby>直<rt>なお</rt></ruby>そうと<ruby>何度<rt>なんど</rt></ruby>も<ruby>願<rt>ねが</rt></ruby>いを<ruby>徳川<rt>とくがわ</rt></ruby>に<ruby>出<rt>だ</rt></ruby>したんだが、<ruby>許<rt>ゆる</rt></ruby>されなくて、<ruby>勝手<rt>かって</rt></ruby>にやったら、<ruby>見<rt>み</rt></ruby>せしめに<ruby>改易<rt>かいえき</rt></ruby>されちまった……。,<ruby>俺様<rt>おれさま</rt></ruby>が<ruby>関ヶ原<rt>せきがはら</rt></ruby>の<ruby>後<rt>あと</rt></ruby>にもらった<ruby>場所<rt>ばしょ</rt></ruby>はどこだ？,ワーハッハッハッ！この<ruby>俺様<rt>おれさま</rt></ruby>が<ruby>東軍<rt>とうぐん</rt></ruby>の<ruby>先鋒<rt>せんぽう</rt></ruby>たぁ、<ruby>奴<rt>やつ</rt></ruby>らも<ruby>仰天<rt>ぎょうてん</rt></ruby>するに<ruby>違<rt>ちが</rt></ruby>いねぇ！,,<ruby>東軍<rt>とうぐん</rt></ruby>,,,,,,,,,
21,25,<ruby>土<rt>つち</rt></ruby>より<ruby>出<rt>い</rt></ruby>でて<ruby>佐幕<rt>さばく</rt></ruby>,<ruby>山内一豊<rt>やまうちかずとよ</rt></ruby>,<ruby>戦国<rt>せんごく</rt></ruby>/<ruby>江戸時代<rt>えどじだい</rt></ruby>,<ruby>武士<rt>ぶし</rt></ruby>・<ruby>東軍<rt>とうぐん</rt></ruby>・<ruby>土佐<rt>とさ</rt></ruby><ruby>藩<rt>はん</rt></ruby>,,未定,<ruby>小山評定<rt>おやまひょうじょう</rt></ruby>,<ruby>一<rt>いち</rt></ruby><ruby>豊<rt>ゆたか</rt></ruby>は、<ruby>皆<rt>みな</rt></ruby>の<ruby>心<rt>こころ</rt></ruby>をまとめるために、<ruby>真<rt>ま</rt></ruby>っ<ruby>先<rt>さき</rt></ruby>に<ruby>家族<rt>かぞく</rt></ruby>も<ruby>領地<rt>りょうち</rt></ruby>もなげうったの……。,未定,<ruby>金箔<rt>きんぱく</rt></ruby><ruby>押<rt>おさえ</rt></ruby><ruby>御幣<rt>ごへい</rt></ruby><ruby>後立<rt>あとだち</rt></ruby>と<ruby>革<rt>かわ</rt></ruby><ruby>包<rt>づつみ</rt></ruby><ruby>菱<rt>ひし</rt></ruby><ruby>綴<rt>つづり</rt></ruby><ruby>桶<rt>おけ</rt></ruby><ruby>側<rt>がわ</rt></ruby><ruby>二<rt>に</rt></ruby><ruby>枚<rt>びら</rt></ruby><ruby>胴<rt>どう</rt></ruby>,<ruby>神社<rt>じんじゃ</rt></ruby>にあるようなこの<ruby>形<rt>かたち</rt></ruby>は<ruby>神仏<rt>しんぶつ</rt></ruby>にあやかったものだったようだ。,<ruby>内助<rt>ないじょ</rt></ruby>の<ruby>功<rt>こう</rt></ruby>,<ruby>小山評定<rt>おやまひょうじょう</rt></ruby><<ruby>第二声<rt>だいにせい</rt></ruby>>,<ruby>一<rt>いち</rt></ruby><ruby>豊<rt>ゆたか</rt></ruby>さんは、どうして<ruby>東軍<rt>とうぐん</rt></ruby>に？,未定,あの<ruby>時<rt>とき</rt></ruby>は<ruby>関ヶ原<rt>せきがはら</rt></ruby>の<ruby>発端<rt>ほったん</rt></ruby>になった<ruby>会津<rt>あいづ</rt></ruby><ruby>征伐<rt>せいばつ</rt></ruby>が<ruby>家康<rt>いえやす</rt></ruby><ruby>殿<rt>どの</rt></ruby>が<ruby>大坂城<rt>おおさかじょう</rt></ruby>から<ruby>会津<rt>あいづ</rt></ruby>まで<ruby>出撃<rt>しゅつげき</rt></ruby>したからでございます。<ruby>手前<rt>てまえ</rt></ruby>も<ruby>最初<rt>さいしょ</rt></ruby>から<ruby>西軍<rt>せいぐん</rt></ruby>と<ruby>敵対<rt>てきたい</rt></ruby>していた<ruby>訳<rt>わけ</rt></ruby>ではございません。ただ<ruby>単<rt>たん</rt></ruby>に<ruby>領地<rt>りょうち</rt></ruby>の<ruby>掛川<rt>かけがわ</rt></ruby>が<ruby>家康<rt>いえやす</rt></ruby><ruby>殿<rt>どの</rt></ruby>の<ruby>通<rt>とお</rt></ruby>り<ruby>道<rt>みち</rt></ruby>にあったからでございます。,それなのに、<ruby>東軍<rt>とうぐん</rt></ruby>に？,未定,ええ、<ruby>豊臣<rt>とよとみ</rt></ruby><ruby>秀吉<rt>ひでよし</rt></ruby><ruby>様<rt>さま</rt></ruby>のご<ruby>養子<rt>ようし</rt></ruby>、<ruby>秀次<rt>しゅうじ</rt></ruby><ruby>殿<rt>どの</rt></ruby>が<ruby>処断<rt>しょだん</rt></ruby>されてからというもの、<ruby>一<rt>いち</rt></ruby><ruby>枚<rt>びら</rt></ruby><ruby>岩<rt>いわ</rt></ruby>では<ruby>無<rt>な</rt></ruby>い<ruby>西軍<rt>せいぐん</rt></ruby>につくのではなく、<ruby>真<rt>ま</rt></ruby>っ<ruby>先<rt>さき</rt></ruby>に<ruby>東軍<rt>とうぐん</rt></ruby>につくと<ruby>宣言<rt>せんげん</rt></ruby>したのでございます。<ruby>関ヶ原<rt>せきがはら</rt></ruby>では<ruby>吉川<rt>きっかわ</rt></ruby><ruby>広家<rt>ひろいえ</rt></ruby>がちゃんと<ruby>戦<rt>たたか</rt></ruby>わないかの<ruby>監視<rt>かんし</rt></ruby>をしたのでございます。,そういえば、<ruby>山内<rt>やまうち</rt></ruby>さんって<ruby>土佐<rt>とさ</rt></ruby><ruby>藩<rt>はん</rt></ruby>の<ruby>藩主<rt>はんしゅ</rt></ruby>として<ruby>聞<rt>き</rt></ruby>いたことあるような<ruby>気<rt>き</rt></ruby>がするぜ？,未定,その<ruby>通<rt>とお</rt></ruby>りでございます。<ruby>関ヶ原<rt>せきがはら</rt></ruby>の<ruby>後<rt>あと</rt></ruby>、<ruby>小山評定<rt>おやまひょうじょう</rt></ruby>で<ruby>真<rt>ま</rt></ruby>っ<ruby>先<rt>さき</rt></ruby>に<ruby>東軍<rt>とうぐん</rt></ruby>につくと<ruby>宣言<rt>せんげん</rt></ruby>したことで<ruby>味方<rt>みかた</rt></ruby>の<ruby>意思<rt>いし</rt></ruby>が<ruby>固<rt>かた</rt></ruby>まったことから、<ruby>長宗我部盛親<rt>ちょうそかべもりちか</rt></ruby>の<ruby>土佐<rt>とさ</rt></ruby><ruby>国<rt>くに</rt></ruby>を<ruby>丸々<rt>まるまる</rt></ruby>いただいたのでございますよ。<ruby>統治<rt>とうち</rt></ruby>には<ruby>苦労<rt>くろう</rt></ruby>したのでございますが……。,<ruby>関ヶ原<rt>せきがはら</rt></ruby>の<ruby>後<rt>あと</rt></ruby>、<ruby>手前<rt>てまえ</rt></ruby>が<ruby>転封<rt>てんぽう</rt></ruby>になった<ruby>先<rt>さき</rt></ruby>はどこでごさいましょう？,<ruby>内府<rt>ないふ</rt></ruby><ruby>殿<rt>との</rt></ruby>の<ruby>義挙<rt>ぎきょ</rt></ruby>のためなら、<ruby>居城<rt>きょじょう</rt></ruby>も、<ruby>大坂<rt>おおさか</rt></ruby>にいる<ruby>妻子<rt>さいし</rt></ruby>も、<ruby>全<rt>すべ</rt></ruby>て<ruby>投<rt>な</rt></ruby>げうつ<ruby>所存<rt>しょぞん</rt></ruby>にございまする！,,<ruby>東軍<rt>とうぐん</rt></ruby>,,,,,,,,,
22,30,<ruby>狂瀾<rt>きょうらん</rt></ruby><ruby>怒濤<rt>どとう</rt></ruby>,<ruby>細川<rt>ほそかわ</rt></ruby><ruby>忠興<rt>ただおき</rt></ruby>,<ruby>戦国<rt>せんごく</rt></ruby>/<ruby>江戸時代<rt>えどじだい</rt></ruby>,<ruby>武士<rt>ぶし</rt></ruby>・<ruby>茶人<rt>ちゃじん</rt></ruby>・<ruby>東軍<rt>とうぐん</rt></ruby>・<ruby>小倉<rt>こくら</rt></ruby><ruby>藩<rt>はん</rt></ruby>,,未定,<ruby>最愛<rt>さいあい</rt></ruby>の<ruby>妻<rt>つま</rt></ruby>の<ruby>自害<rt>じがい</rt></ruby>,……なるほど、<ruby>最愛<rt>さいあい</rt></ruby>の<ruby>奥<rt>おく</rt></ruby>さんのガラシャさんが<ruby>石田三成<rt>いしだみつなり</rt></ruby>のせいで……、それでこんなに<ruby>怒<rt>いか</rt></ruby>っているのね……。,未定,<ruby>黒糸威<rt>くろいとおどし</rt></ruby><ruby>二<rt>に</rt></ruby><ruby>枚<rt>びら</rt></ruby><ruby>胴<rt>どう</rt></ruby><ruby>具足<rt>ぐそく</rt></ruby>,<ruby>関ヶ原<rt>せきがはら</rt></ruby>で<ruby>主君<rt>しゅくん</rt></ruby>を<ruby>守<rt>まも</rt></ruby>り<ruby>通<rt>とお</rt></ruby>したこの<ruby>鎧<rt>よろい</rt></ruby>は、<ruby>戦後<rt>せんご</rt></ruby><ruby>細川<rt>いささがわ</rt></ruby><ruby>家中<rt>いえじゅう</rt></ruby>で<ruby>祀<rt>まつ</rt></ruby>られるようになった。,<ruby>石田三成<rt>いしだみつなり</rt></ruby><ruby>襲撃<rt>しゅうげき</rt></ruby><ruby>事件<rt>じけん</rt></ruby>,<ruby>御吉例<rt>おきちれい</rt></ruby>の<ruby>具足<rt>ぐそく</rt></ruby>,<ruby>忠興<rt>ただおき</rt></ruby>さんは、どうして<ruby>東軍<rt>とうぐん</rt></ruby>へ？,未定,<ruby>口<rt>くち</rt></ruby>の<ruby>利<rt>き</rt></ruby>き<ruby>方<rt>かた</rt></ruby>に<ruby>気<rt>き</rt></ruby>をつけろ<ruby>小僧<rt>こぞう</rt></ruby>……。<ruby>関ヶ原<rt>せきがはら</rt></ruby>のことは<ruby>思<rt>おも</rt></ruby>い<ruby>出<rt>だ</rt></ruby>したくもない。<ruby>愛<rt>いと</rt></ruby>しのガラシャが……<ruby>石田三成<rt>いしだみつなり</rt></ruby>が<ruby>人質<rt>ひとじち</rt></ruby>に<ruby>取<rt>と</rt></ruby>ろうとして、<ruby>拒絶<rt>きょぜつ</rt></ruby>したのだ。ああ、<ruby>最期<rt>さいご</rt></ruby>まで<ruby>誇<rt>ほこ</rt></ruby>り<ruby>高<rt>たか</rt></ruby>きガラシャ、ガラシャ…………<ruby>三成<rt>みつなり</rt></ruby>ぃぃぃぃ！,こ、<ruby>怖<rt>こわ</rt></ruby>いな……この<ruby>人<rt>ひと</rt></ruby>……。そ、それで、<ruby>関ヶ原<rt>せきがはら</rt></ruby>では、どんなご<ruby>活躍<rt>かつやく</rt></ruby>を？,未定,<ruby>三成<rt>みつなり</rt></ruby>の<ruby>仇<rt>あだ</rt></ruby>を<ruby>取<rt>と</rt></ruby>るため、<ruby>普段<rt>ふだん</rt></ruby><ruby>仲<rt>なか</rt></ruby>が<ruby>悪<rt>わる</rt></ruby>かった<ruby>弟<rt>おとうと</rt></ruby>の<ruby>興元<rt>おきもと</rt></ruby>と<ruby>前線<rt>ぜんせん</rt></ruby>でバッタバッタと<ruby>三成<rt>みつなり</rt></ruby>の<ruby>兵<rt>へい</rt></ruby>をなぎ<ruby>倒<rt>たお</rt></ruby>してやったわ。<ruby>我<rt>わ</rt></ruby>が<ruby>隊<rt>たい</rt></ruby>だけで136も<ruby>討<rt>う</rt></ruby>ち<ruby>取<rt>と</rt></ruby>ってやったぞ。アハハハハ！  <ruby>見<rt>み</rt></ruby>てるか、<ruby>三成<rt>みつなり</rt></ruby>？,そ、そんなにご<ruby>活躍<rt>かつやく</rt></ruby>されたなら……<ruby>領地<rt>りょうち</rt></ruby><ruby>増<rt>ふ</rt></ruby>えたんじゃないですか？,未定,ああ、<ruby>旧領<rt>きゅうりょう</rt></ruby>の<ruby>加増<rt>かぞう</rt></ruby>は<ruby>叶<rt>かな</rt></ruby>わなかったが、<ruby>豊前<rt>ぶぜん</rt></ruby><ruby>国<rt>くに</rt></ruby>を<ruby>丸々<rt>まるまる</rt></ruby><ruby>得<rt>え</rt></ruby>られることになったぞ。<ruby>小倉<rt>こくら</rt></ruby><ruby>城<rt>しろ</rt></ruby>を<ruby>大改修<rt>だいかいしゅう</rt></ruby>して<ruby>居城<rt>きょじょう</rt></ruby>にしたが、32<ruby>年<rt>ねん</rt></ruby><ruby>後<rt>ご</rt></ruby>に<ruby>肥後<rt>ひご</rt></ruby><ruby>熊本<rt>くまもと</rt></ruby>に<ruby>転封<rt>てんぽう</rt></ruby>になった。<ruby>覚<rt>おぼ</rt></ruby>えておけ。,<ruby>私<rt>わたし</rt></ruby>の<ruby>最愛<rt>さいあい</rt></ruby>の<ruby>妻<rt>つま</rt></ruby>の<ruby>名<rt>な</rt></ruby>を<ruby>答<rt>こた</rt></ruby>えよ。<ruby>答<rt>こた</rt></ruby>えられなければ、どうなるか。<ruby>分<rt>わ</rt></ruby>かっているな？,<ruby>愛<rt>いと</rt></ruby>しの<ruby>我<rt>われ</rt></ruby>が<ruby>妻<rt>つま</rt></ruby>を<ruby>追<rt>お</rt></ruby>い<ruby>込<rt>こ</rt></ruby>んだ<ruby>三成<rt>みつなり</rt></ruby>よ、<ruby>地獄<rt>じごく</rt></ruby>の<ruby>果<rt>は</rt></ruby>てまで<ruby>追<rt>お</rt></ruby>い<ruby>回<rt>まわ</rt></ruby>してくれるわ！,,<ruby>東軍<rt>とうぐん</rt></ruby>,,,,,,,,,
23,24,<ruby>十<rt>じゅう</rt></ruby><ruby>字<rt>じ</rt></ruby>の<ruby>鋒<rt>きっさき</rt></ruby>,<ruby>細川興元<rt>ほそかわおきもと</rt></ruby>,<ruby>戦国<rt>せんごく</rt></ruby>/<ruby>江戸時代<rt>えどじだい</rt></ruby>,<ruby>武士<rt>ぶし</rt></ruby>・ｷﾘｼﾀﾝ・<ruby>東軍<rt>とうぐん</rt></ruby>・<ruby>谷田部<rt>やたべ</rt></ruby><ruby>藩<rt>はん</rt></ruby>,,未定,<ruby>落馬<rt>らくば</rt></ruby>した<ruby>井戸<rt>いど</rt></ruby>,<ruby>戦<rt>たたか</rt></ruby>いの<ruby>中<rt>なか</rt></ruby>で、<ruby>井戸<rt>いど</rt></ruby>に<ruby>落馬<rt>らくば</rt></ruby>しちゃうなんて、<ruby>災難<rt>さいなん</rt></ruby>だったわね。,未定,(<ruby>鎧<rt>よろい</rt></ruby>の<ruby>名前<rt>なまえ</rt></ruby><ruby>分<rt>わ</rt></ruby>からん),<ruby>赤銅色<rt>しゃくどういろ</rt></ruby>の<ruby>胴<rt>どう</rt></ruby>に<ruby>対<rt>たい</rt></ruby>して<ruby>金色<rt>きんいろ</rt></ruby>の<ruby>脇立<rt>わきだち</rt></ruby>と<ruby>赤色<rt>あかいろ</rt></ruby>の<ruby>脇楯<rt>わいだて</rt></ruby>がアクセントになっているな。,<ruby>犬猿<rt>けんえん</rt></ruby>の<ruby>兄弟<rt>きょうだい</rt></ruby>？,<ruby>井戸<rt>いど</rt></ruby>への<ruby>落馬<rt>らくば</rt></ruby>,<ruby>細川興元<rt>ほそかわおきもと</rt></ruby>さんは、どうして<ruby>東軍<rt>とうぐん</rt></ruby>についたの？,未定,<ruby>僕<rt>ぼく</rt></ruby>は、<ruby>東軍<rt>とうぐん</rt></ruby>で<ruby>大<rt>おお</rt></ruby>きな<ruby>働<rt>はたら</rt></ruby>きをした<ruby>細川<rt>ほそかわ</rt></ruby><ruby>忠興<rt>ただおき</rt></ruby>の<ruby>弟<rt>おとうと</rt></ruby>だからね、いくら<ruby>兄上<rt>あにうえ</rt></ruby>から<ruby>煙<rt>けむ</rt></ruby>たがられても、<ruby>細川<rt>ほそかわ</rt></ruby>は<ruby>細川<rt>ほそかわ</rt></ruby>。それに、キリシタンだった<ruby>僕<rt>ぼく</rt></ruby>を<ruby>陰<rt>かげ</rt></ruby>ながら<ruby>応援<rt>おうえん</rt></ruby>してくれたガラシャ<ruby>様<rt>さま</rt></ruby>を<ruby>西軍<rt>せいぐん</rt></ruby>の<ruby>石田三成<rt>いしだみつなり</rt></ruby>は<ruby>殺<rt>あや</rt></ruby>めてしまったからね。<ruby>西軍<rt>せいぐん</rt></ruby>につくつもりはさらさらなかったよ。,<ruby>関ヶ原<rt>せきがはら</rt></ruby>では<ruby>兵士<rt>へいし</rt></ruby>を<ruby>率<rt>ひき</rt></ruby>いて<ruby>戦<rt>たたか</rt></ruby>ったってこと？,未定,その<ruby>通<rt>とお</rt></ruby>り。<ruby>細川<rt>ほそかわ</rt></ruby><ruby>隊<rt>たい</rt></ruby>の<ruby>中<rt>なか</rt></ruby>でも<ruby>先鋒<rt>せんぽう</rt></ruby>として、あの<ruby>大戦<rt>たいせん</rt></ruby>を<ruby>戦<rt>たたか</rt></ruby>い<ruby>抜<rt>ぬ</rt></ruby>いてみせたよ。<ruby>兄上<rt>あにうえ</rt></ruby>もこういう<ruby>時<rt>とき</rt></ruby>は、<ruby>僕<rt>ぼく</rt></ruby>を<ruby>頼<rt>たよ</rt></ruby>りにしていたみたいなんだ。ただ、<ruby>戦<rt>たたか</rt></ruby>いの<ruby>途中<rt>とちゅう</rt></ruby>で<ruby>僕<rt>ぼく</rt></ruby>の<ruby>愛馬<rt>あいば</rt></ruby>ごと<ruby>井戸<rt>いど</rt></ruby>に<ruby>落<rt>お</rt></ruby>ちちゃってね、<ruby>僕<rt>ぼく</rt></ruby>は<ruby>助<rt>たす</rt></ruby>かったけど、<ruby>馬<rt>うま</rt></ruby>の<ruby>方<rt>ほう</rt></ruby>は……<ruby>助<rt>たす</rt></ruby>けられなかったんだ。,そんなに<ruby>頑張<rt>がんば</rt></ruby>ったなら、お<ruby>兄<rt>にい</rt></ruby>さんも<ruby>認<rt>みと</rt></ruby>めてくれたんじゃない？,未定,そうだと<ruby>良<rt>よ</rt></ruby>かったんだけどね……。<ruby>結局<rt>けっきょく</rt></ruby><ruby>打<rt>う</rt></ruby>ち<ruby>解<rt>と</rt></ruby>けることはなくて、<ruby>兄上<rt>あにうえ</rt></ruby>のいた<ruby>小倉<rt>こくら</rt></ruby>や<ruby>熊本<rt>くまもと</rt></ruby>とは<ruby>別<rt>べつ</rt></ruby>に、<ruby>常陸<rt>ひたち</rt></ruby><ruby>国谷<rt>くにや</rt></ruby><ruby>田部<rt>たなべ</rt></ruby>で<ruby>独立<rt>どくりつ</rt></ruby>することになったよ。<ruby>小<rt>ちい</rt></ruby>さい<ruby>藩<rt>はん</rt></ruby>だったけど、<ruby>幕末<rt>ばくまつ</rt></ruby>まで<ruby>続<rt>つづ</rt></ruby>いたみたいだね。,<ruby>僕<rt>ぼく</rt></ruby>やガラシャ<ruby>様<rt>さま</rt></ruby>のように<ruby>キリスト<rt>きりすと</rt></ruby><ruby>教<rt>きょう</rt></ruby>を<ruby>信仰<rt>しんこう</rt></ruby>していた<ruby>人<rt>ひと</rt></ruby>を<ruby>何<rt>なん</rt></ruby>と<ruby>呼<rt>よ</rt></ruby>んでいたでしょうか？,<ruby>兄上<rt>あにうえ</rt></ruby>がやかましかろうとも、<ruby>細川<rt>ほそかわ</rt></ruby>の<ruby>先鋒<rt>せんぽう</rt></ruby>は<ruby>果<rt>は</rt></ruby>たして<ruby>見<rt>み</rt></ruby>せようぞ！,,<ruby>東軍<rt>とうぐん</rt></ruby>,,,,,,,,,
24,21,<ruby>剣術<rt>けんじゅつ</rt></ruby><ruby>古今<rt>ここん</rt></ruby><ruby>独歩<rt>どっぽ</rt></ruby>,<ruby>柳生<rt>やぎゅう</rt></ruby><ruby>宗矩<rt>むねのり</rt></ruby>,<ruby>戦国<rt>せんごく</rt></ruby>/<ruby>江戸時代<rt>えどじだい</rt></ruby>,<ruby>武士<rt>ぶし</rt></ruby>・<ruby>剣豪<rt>けんごう</rt></ruby>・<ruby>東軍<rt>とうぐん</rt></ruby>・<ruby>柳生<rt>やぎゅう</rt></ruby><ruby>藩<rt>はん</rt></ruby>,,未定,<ruby>無刀<rt>むとう</rt></ruby><ruby>取<rt>ど</rt></ruby>り,<ruby>宗矩<rt>むねのり</rt></ruby>は<ruby>無刀<rt>むとう</rt></ruby><ruby>取<rt>ど</rt></ruby>りといって、<ruby>刀<rt>かたな</rt></ruby>を<ruby>持<rt>も</rt></ruby>っていなくても<ruby>相手<rt>あいて</rt></ruby>から<ruby>奪<rt>うば</rt></ruby>って<ruby>攻撃<rt>こうげき</rt></ruby>に<ruby>転<rt>てん</rt></ruby>じることができたらしいわよ。,未定,<ruby>大<rt>だい</rt></ruby><ruby>和国<rt>わこく</rt></ruby><ruby>柳生<rt>やぎゅう</rt></ruby><ruby>藩<rt>はん</rt></ruby>,<ruby>柳生<rt>やぎゅう</rt></ruby><ruby>宗矩<rt>むねのり</rt></ruby>は<ruby>剣豪<rt>けんごう</rt></ruby>でありながら、<ruby>立派<rt>りっぱ</rt></ruby>な<ruby>藩主<rt>はんしゅ</rt></ruby>だったのよ。,<ruby>柳生<rt>やぎゅう</rt></ruby><ruby>新陰流<rt>しんかげりゅう</rt></ruby>,<ruby>大和<rt>やまと</rt></ruby><ruby>牽制<rt>けんせい</rt></ruby>,<ruby>柳生<rt>やぎゅう</rt></ruby><ruby>宗矩<rt>むねのり</rt></ruby>さんは、どうして<ruby>東軍<rt>とうぐん</rt></ruby>についたんですか？,未定,<ruby>儂<rt>わし</rt></ruby>は<ruby>大<rt>だい</rt></ruby><ruby>和国<rt>わこく</rt></ruby>で<ruby>生<rt>う</rt></ruby>まれたのだが、<ruby>仕<rt>つか</rt></ruby>えていた<ruby>筒井<rt>つつい</rt></ruby>や<ruby>松永<rt>まつなが</rt></ruby>が<ruby>滅<rt>ほろ</rt></ruby>んだせいで<ruby>浪人<rt>ろうにん</rt></ruby>することになってしまったのだ。<ruby>父<rt>ちち</rt></ruby>の<ruby>宗厳<rt>そうごん</rt></ruby>と<ruby>共<rt>とも</rt></ruby>に、<ruby>放浪<rt>ほうろう</rt></ruby>していたのだが、<ruby>京都<rt>きょうと</rt></ruby>で<ruby>無刀<rt>むとう</rt></ruby><ruby>取<rt>ど</rt></ruby>りを<ruby>徳川<rt>とくがわ</rt></ruby><ruby>家康<rt>いえやす</rt></ruby><ruby>様<rt>さま</rt></ruby>に<ruby>披露<rt>ひろう</rt></ruby>した<ruby>所<rt>ところ</rt></ruby>、<ruby>気<rt>き</rt></ruby>に<ruby>入<rt>い</rt></ruby>って<ruby>召<rt>め</rt></ruby>し<ruby>抱<rt>かか</rt></ruby>えて<ruby>下<rt>くだ</rt></ruby>さったという<ruby>訳<rt>わけ</rt></ruby>なのだ。,あまり、<ruby>剣豪<rt>けんごう</rt></ruby>の<ruby>方<rt>ほう</rt></ruby>が<ruby>実際<rt>じっさい</rt></ruby>の<ruby>戦場<rt>せんじょう</rt></ruby>で<ruby>戦<rt>たたか</rt></ruby>った<ruby>例<rt>れい</rt></ruby>は<ruby>聞<rt>き</rt></ruby>きませんが、<ruby>宗矩<rt>むねのり</rt></ruby>さんはどうですか？,未定,そうだな。<ruby>儂<rt>わし</rt></ruby>も<ruby>大坂<rt>おおさか</rt></ruby>の<ruby>陣<rt>じん</rt></ruby>では<ruby>敵兵<rt>てきへい</rt></ruby>を<ruby>瞬殺<rt>しゅんさつ</rt></ruby>したが、<ruby>関ヶ原<rt>せきがはら</rt></ruby>では<ruby>戦果<rt>せんか</rt></ruby>は<ruby>挙<rt>あ</rt></ruby>げられなかった。むしろ、その<ruby>直前<rt>ちょくぜん</rt></ruby>に<ruby>旧領<rt>きゅうりょう</rt></ruby>の<ruby>大<rt>だい</rt></ruby><ruby>和国<rt>わこく</rt></ruby>で<ruby>調略<rt>ちょうりゃく</rt></ruby>を<ruby>行<rt>おこな</rt></ruby>い、<ruby>西軍<rt>せいぐん</rt></ruby>の<ruby>後方<rt>こうほう</rt></ruby><ruby>牽制<rt>けんせい</rt></ruby>をしてやったぞ。<ruby>剣<rt>けん</rt></ruby>の<ruby>腕<rt>うで</rt></ruby>だけでなく<ruby>頭<rt>あたま</rt></ruby>も<ruby>回<rt>まわ</rt></ruby>ると<ruby>評価<rt>ひょうか</rt></ruby>されたものだ。,<ruby>宗矩<rt>むねのり</rt></ruby>さんって、たしか<ruby>江戸<rt>えど</rt></ruby><ruby>幕府<rt>ばくふ</rt></ruby>の……。,未定,<ruby>剣術<rt>けんじゅつ</rt></ruby><ruby>指南役<rt>しなんやく</rt></ruby>になったのだ。<ruby>将軍<rt>しょうぐん</rt></ruby><ruby>様<rt>さま</rt></ruby>だけでなく<ruby>旗本<rt>はたもと</rt></ruby>たちにも<ruby>儂<rt>わし</rt></ruby>の<ruby>柳生<rt>やぎゅう</rt></ruby><ruby>新陰流<rt>しんかげりゅう</rt></ruby>を<ruby>伝授<rt>でんじゅ</rt></ruby>してやった<ruby>所<rt>ところ</rt></ruby>、<ruby>江戸<rt>えど</rt></ruby><ruby>幕府<rt>ばくふ</rt></ruby>の<ruby>兵法<rt>ひょうほう</rt></ruby><ruby>指南役<rt>しなんやく</rt></ruby>となり、<ruby>儂<rt>わし</rt></ruby>の<ruby>剣術<rt>けんじゅつ</rt></ruby>は<ruby>全国<rt>ぜんこく</rt></ruby>で<ruby>教<rt>おし</rt></ruby>えられることになったのだ。そのお<ruby>陰<rt>かげ</rt></ruby>で<ruby>大名<rt>だいみょう</rt></ruby>になることができた。,<ruby>江戸<rt>えど</rt></ruby><ruby>幕府<rt>ばくふ</rt></ruby>において、<ruby>剣術<rt>けんじゅつ</rt></ruby>として<ruby>認<rt>みと</rt></ruby>められた<ruby>儂<rt>わし</rt></ruby>の<ruby>流派<rt>りゅうは</rt></ruby>はなんと<ruby>言<rt>い</rt></ruby>うか、<ruby>分<rt>わ</rt></ruby>かるか？,<ruby>我<rt>わ</rt></ruby>が<ruby>剣術<rt>けんじゅつ</rt></ruby>の<ruby>前<rt>まえ</rt></ruby>には<ruby>刀<rt>かたな</rt></ruby>など<ruby>無用<rt>むよう</rt></ruby>！,,<ruby>東軍<rt>とうぐん</rt></ruby>,,,,,,,,,
25,20,<ruby>天下<rt>てんか</rt></ruby>を<ruby>呑<rt>のみ</rt></ruby><ruby>取<rt>と</rt></ruby>る<ruby>男<rt>おとこ</rt></ruby>,<ruby>後藤又兵衛<rt>ごとうまたべえ</rt></ruby>,<ruby>戦国<rt>せんごく</rt></ruby>/<ruby>江戸時代<rt>えどじだい</rt></ruby>,<ruby>武士<rt>ぶし</rt></ruby>・<ruby>東軍<rt>とうぐん</rt></ruby>,,未定,<ruby>槍<rt>やり</rt></ruby>の<ruby>名人<rt>めいじん</rt></ruby>,<ruby>又兵衛<rt>またべえ</rt></ruby>といえば<ruby>槍<rt>やり</rt></ruby>の<ruby>名人<rt>めいじん</rt></ruby>として<ruby>有名<rt>ゆうめい</rt></ruby>よね。<ruby>槍<rt>やり</rt></ruby>にも<ruby>逸話<rt>いつわ</rt></ruby>があるのよ。,未定,(<ruby>兜<rt>かぶと</rt></ruby>の<ruby>名前<rt>なまえ</rt></ruby><ruby>出<rt>で</rt></ruby>てこない……。),<ruby>又兵衛<rt>またべえ</rt></ruby>の<ruby>兜<rt>かぶと</rt></ruby>の<ruby>前立<rt>まえた</rt></ruby>ては<ruby>大<rt>おお</rt></ruby>きく、<ruby>遠<rt>とお</rt></ruby>くからでもよく<ruby>目立<rt>めだ</rt></ruby>ちそうだ。,<ruby>長政<rt>ながまさ</rt></ruby>との<ruby>確執<rt>かくしつ</rt></ruby>,<ruby>剛槍<rt>ごうそう</rt></ruby><ruby>一騎<rt>いっき</rt></ruby><ruby>打<rt>う</rt></ruby>ち！,<ruby>又兵衛<rt>またべえ</rt></ruby>さんは、どうして<ruby>東軍<rt>とうぐん</rt></ruby>に？  たしか、<ruby>主君<rt>しゅくん</rt></ruby>の<ruby>長政<rt>ながまさ</rt></ruby>さんとは<ruby>仲<rt>なか</rt></ruby>が<ruby>悪<rt>わる</rt></ruby>かったよね？,未定,ハハハ、<ruby>小僧<rt>こぞう</rt></ruby>、よく<ruby>知<rt>し</rt></ruby>っておるな。そうだ。<ruby>戦場<rt>せんじょう</rt></ruby>で<ruby>華々<rt>はなばな</rt></ruby>しく<ruby>戦<rt>たたか</rt></ruby>う<ruby>俺<rt>おれ</rt></ruby>と、<ruby>後<rt>うし</rt></ruby>ろで<ruby>策略<rt>さくりゃく</rt></ruby>ばっか<ruby>練<rt>ね</rt></ruby>っている<ruby>真面目<rt>まじめ</rt></ruby>な<ruby>黒田長政<rt>くろだながまさ</rt></ruby>とは<ruby>折<rt>お</rt></ruby>り<ruby>合<rt>あ</rt></ruby>いが<ruby>悪<rt>わる</rt></ruby>かった。とはいえ、この<ruby>時<rt>とき</rt></ruby>は、まだ<ruby>家臣<rt>かしん</rt></ruby>だったからな。<ruby>反目<rt>はんもく</rt></ruby>はしなかった。,ってことは、<ruby>関ヶ原<rt>せきがはら</rt></ruby>でも<ruby>大活躍<rt>だいかつやく</rt></ruby>だったんじゃない！？,未定,<ruby>小僧<rt>こぞう</rt></ruby>、よく<ruby>言<rt>い</rt></ruby>うじゃねえか。その<ruby>通<rt>とお</rt></ruby>り。<ruby>俺<rt>おれ</rt></ruby>は<ruby>石田三成<rt>いしだみつなり</rt></ruby><ruby>隊<rt>たい</rt></ruby>にいた<ruby>敵将<rt>てきしょう</rt></ruby>と<ruby>一騎<rt>いっき</rt></ruby><ruby>打<rt>う</rt></ruby>ちしてやり、<ruby>討<rt>う</rt></ruby>ち<ruby>取<rt>と</rt></ruby>ってやった。この<ruby>自慢<rt>じまん</rt></ruby>の<ruby>槍<rt>やり</rt></ruby>でな。その<ruby>敵<rt>てき</rt></ruby>も<ruby>槍<rt>やり</rt></ruby><ruby>使<rt>つか</rt></ruby>いだったが、<ruby>俺<rt>おれ</rt></ruby>に<ruby>敵<rt>かな</rt></ruby>う<ruby>訳<rt>わけ</rt></ruby>がないってもんだ。,<ruby>一騎<rt>いっき</rt></ruby><ruby>打<rt>う</rt></ruby>ちで<ruby>勝<rt>か</rt></ruby>っちゃうなんてカッコイイ！  <ruby>関ヶ原<rt>せきがはら</rt></ruby>の<ruby>後<rt>あと</rt></ruby>はどうなったの？,未定,おう、この<ruby>活躍<rt>かつやく</rt></ruby>で<ruby>俺<rt>おれ</rt></ruby>は<ruby>黒田<rt>くろだ</rt></ruby><ruby>家<rt>け</rt></ruby>の<ruby>城<rt>しろ</rt></ruby><ruby>主<rt>しゅ</rt></ruby>になるんだが、<ruby>天下<rt>てんか</rt></ruby><ruby>一<rt>いち</rt></ruby>の<ruby>槍<rt>やり</rt></ruby><ruby>使<rt>つか</rt></ruby>いの<ruby>俺<rt>おれ</rt></ruby>は、そんなもんで<ruby>留<rt>とど</rt></ruby>まる<ruby>器<rt>うつわ</rt></ruby>じゃねえからよ、<ruby>出奔<rt>しゅっぽん</rt></ruby>して、<ruby>大坂城<rt>おおさかじょう</rt></ruby>に<ruby>入<rt>はい</rt></ruby>ったぞ。<ruby>大坂<rt>おおさか</rt></ruby>の<ruby>陣<rt>じん</rt></ruby>でも、<ruby>暴<rt>あば</rt></ruby>れに<ruby>暴<rt>あば</rt></ruby>れてやったのさ。,<ruby>俺<rt>おれ</rt></ruby>が<ruby>得意<rt>とくい</rt></ruby>としていた<ruby>武器<rt>ぶき</rt></ruby>といえば、<ruby>分<rt>わ</rt></ruby>かるだろ？,フハハハ、<ruby>長政<rt>ながまさ</rt></ruby>よ、これが<ruby>戦<rt>いくさ</rt></ruby>の<ruby>作法<rt>さほう</rt></ruby>というものじゃ！そこで<ruby>見<rt>み</rt></ruby>ておれ！,,<ruby>東軍<rt>とうぐん</rt></ruby>,,,,,,,,,
26,31,<ruby>第<rt>だい</rt></ruby><ruby>一<rt>いち</rt></ruby>の<ruby>功労者<rt>こうろうしゃ</rt></ruby>,<ruby>黒田長政<rt>くろだながまさ</rt></ruby>,<ruby>戦国<rt>せんごく</rt></ruby>/<ruby>江戸時代<rt>えどじだい</rt></ruby>,<ruby>武士<rt>ぶし</rt></ruby>・ｷﾘｼﾀﾝ・<ruby>東軍<rt>とうぐん</rt></ruby>・<ruby>福岡<rt>ふくおか</rt></ruby><ruby>藩<rt>はん</rt></ruby>,,未定,<ruby>陣羽織<rt>じんばおり</rt></ruby>,<ruby>長政<rt>ながまさ</rt></ruby>はかつて<ruby>自分<rt>じぶん</rt></ruby>を<ruby>助<rt>たす</rt></ruby>けてくれた<ruby>石田三成<rt>いしだみつなり</rt></ruby>に<ruby>陣羽織<rt>じんばおり</rt></ruby>を<ruby>贈<rt>おく</rt></ruby>ったと<ruby>言<rt>い</rt></ruby>われるわ。,未定,<ruby>銀<rt>ぎん</rt></ruby><ruby>箔押<rt>はくおし</rt></ruby><ruby>一<rt>いち</rt></ruby>の<ruby>谷<rt>たに</rt></ruby><ruby>形<rt>けい</rt></ruby><ruby>兜<rt>かぶと</rt></ruby>と<ruby>黒糸威<rt>くろいとおどし</rt></ruby><ruby>胴丸<rt>どうまる</rt></ruby><ruby>具足<rt>ぐそく</rt></ruby>,<ruby>長政<rt>ながまさ</rt></ruby>は<ruby>兜<rt>かぶと</rt></ruby>を<ruby>福島<rt>ふくしま</rt></ruby><ruby>正則<rt>まさのり</rt></ruby>と<ruby>交換<rt>こうかん</rt></ruby>して<ruby>友好<rt>ゆうこう</rt></ruby>の<ruby>証<rt>あかし</rt></ruby>にしたようだ。,<ruby>贋首<rt>にせくび</rt></ruby>と<ruby>陣羽織<rt>じんばおり</rt></ruby>,<ruby>大一番<rt>おおいちばん</rt></ruby>の<ruby>密約<rt>みつやく</rt></ruby>,<ruby>黒田長政<rt>くろだながまさ</rt></ruby>さんは、どうして<ruby>東軍<rt>とうぐん</rt></ruby>についたの？,未定,<ruby>私<rt>わたし</rt></ruby>の<ruby>父<rt>ちち</rt></ruby><ruby>官兵衛<rt>かんべえ</rt></ruby>は<ruby>豊臣<rt>とよとみ</rt></ruby><ruby>恩顧<rt>おんこ</rt></ruby>で、<ruby>私<rt>わたし</rt></ruby><ruby>自身<rt>じしん</rt></ruby>も<ruby>石田三成<rt>いしだみつなり</rt></ruby><ruby>殿<rt>との</rt></ruby>に<ruby>助<rt>たす</rt></ruby>けてもらったことがあるのだが……、<ruby>朝鮮<rt>ちょうせん</rt></ruby>の<ruby>役<rt>やく</rt></ruby><ruby>以降<rt>いこう</rt></ruby>、<ruby>文治<rt>ぶんち</rt></ruby><ruby>派<rt>は</rt></ruby>とは<ruby>折<rt>お</rt></ruby>り<ruby>合<rt>あ</rt></ruby>いがつかなくてな、<ruby>徳川<rt>とくがわ</rt></ruby><ruby>家康<rt>いえやす</rt></ruby><ruby>殿<rt>どの</rt></ruby>の<ruby>養女<rt>ようじょ</rt></ruby>を<ruby>娶<rt>めと</rt></ruby>るなどして、<ruby>鞍替<rt>くらが</rt></ruby>えを<ruby>図<rt>はか</rt></ruby>っていたのだ。,あの<ruby>官兵衛<rt>かんべえ</rt></ruby>さんの<ruby>息子<rt>むすこ</rt></ruby>さんなのね！  じゃあ、<ruby>関ヶ原<rt>せきがはら</rt></ruby>でも<ruby>戦<rt>たたか</rt></ruby>ったというより<ruby>謀略<rt>ぼうりゃく</rt></ruby>の<ruby>方<rt>ほう</rt></ruby>が<ruby>目立<rt>めだ</rt></ruby>ったのかしら？,未定,<ruby>父<rt>ちち</rt></ruby>を<ruby>知<rt>し</rt></ruby>っているのか。そう、<ruby>私<rt>わたし</rt></ruby>も<ruby>父<rt>ちち</rt></ruby>に<ruby>倣<rt>なら</rt></ruby>って<ruby>西軍<rt>せいぐん</rt></ruby>の<ruby>諸<rt>しょ</rt></ruby><ruby>将<rt>しょう</rt></ruby>に<ruby>寝返<rt>ねがえ</rt></ruby>り<ruby>工作<rt>こうさく</rt></ruby>をした。<ruby>福島<rt>ふくしま</rt></ruby><ruby>正則<rt>まさのり</rt></ruby>を<ruby>味方<rt>みかた</rt></ruby>につけ、<ruby>吉川<rt>きっかわ</rt></ruby><ruby>広家<rt>ひろいえ</rt></ruby>、<ruby>小早川秀秋<rt>こばやかわひであき</rt></ruby>を<ruby>裏切<rt>うらぎ</rt></ruby>らせることにも<ruby>成功<rt>せいこう</rt></ruby>した。<ruby>戦<rt>たたか</rt></ruby>いには<ruby>手足<rt>てあし</rt></ruby>だけでなく、<ruby>頭<rt>あたま</rt></ruby>も<ruby>使<rt>つか</rt></ruby>うべきだということだな。,<ruby>凄<rt>すご</rt></ruby>い<ruby>凄<rt>すご</rt></ruby>い！  その<ruby>人<rt>ひと</rt></ruby>たち<ruby>皆<rt>みな</rt></ruby><ruby>重要<rt>じゅうよう</rt></ruby>な<ruby>人<rt>ひと</rt></ruby>たちじゃない！  <ruby>褒美<rt>ほうび</rt></ruby>も<ruby>凄<rt>すご</rt></ruby>かったんじゃない？,未定,その<ruby>通<rt>とお</rt></ruby>り。<ruby>家康<rt>いえやす</rt></ruby><ruby>殿<rt>どの</rt></ruby>からは<ruby>関ヶ原<rt>せきがはら</rt></ruby>における<ruby>第<rt>だい</rt></ruby><ruby>一<rt>いち</rt></ruby>の<ruby>功労者<rt>こうろうしゃ</rt></ruby>とされて、<ruby>筑前<rt>ちくぜん</rt></ruby><ruby>国<rt>くに</rt></ruby>52<ruby>万<rt>まん</rt></ruby><ruby>石<rt>いし</rt></ruby>を<ruby>貰<rt>もら</rt></ruby>うことになった。52<ruby>万<rt>まん</rt></ruby><ruby>石<rt>いし</rt></ruby>の<ruby>太守<rt>たいしゅ</rt></ruby>として<ruby>相応<rt>ふさわ</rt></ruby>しいよう、<ruby>私<rt>わたし</rt></ruby>の<ruby>故郷<rt>こきょう</rt></ruby>にあやかって<ruby>福岡<rt>ふくおか</rt></ruby><ruby>城<rt>じょう</rt></ruby>を<ruby>建<rt>た</rt></ruby>てた。<ruby>今<rt>いま</rt></ruby>では<ruby>九<rt>きゅう</rt></ruby><ruby>州<rt>しゅう</rt></ruby><ruby>一<rt>いち</rt></ruby>の<ruby>街<rt>まち</rt></ruby>になっていると<ruby>聞<rt>き</rt></ruby>く。,<ruby>福岡<rt>ふくおか</rt></ruby>の<ruby>街<rt>まち</rt></ruby>を<ruby>築<rt>きず</rt></ruby>いたのは<ruby>誰<rt>だれ</rt></ruby>か、<ruby>答<rt>こた</rt></ruby>えてみよ。,<ruby>治部<rt>じぶ</rt></ruby><ruby>殿<rt>どの</rt></ruby>、<ruby>申<rt>もう</rt></ruby>し<ruby>訳<rt>わけ</rt></ruby>ないが、これも<ruby>乱<rt>らん</rt></ruby><ruby>世<rt>よ</rt></ruby>の<ruby>習<rt>なら</rt></ruby>い。<ruby>各々<rt>おのおの</rt></ruby><ruby>方<rt>かた</rt></ruby>、あとは<ruby>密約<rt>みつやく</rt></ruby><ruby>通<rt>どお</rt></ruby>り<ruby>頼<rt>たの</rt></ruby>みますぞ。,,<ruby>東軍<rt>とうぐん</rt></ruby>,,,,,,,,,
27,27,<ruby>吹<rt>ふ</rt></ruby>き<ruby>揚<rt>あ</rt></ruby>げる<ruby>信頼<rt>しんらい</rt></ruby>,<ruby>藤堂高虎<rt>とうどうたかとら</rt></ruby>,<ruby>戦国<rt>せんごく</rt></ruby>/<ruby>江戸時代<rt>えどじだい</rt></ruby>,<ruby>武士<rt>ぶし</rt></ruby>・<ruby>東軍<rt>とうぐん</rt></ruby>・<ruby>津<rt>つ</rt></ruby><ruby>藩<rt>はん</rt></ruby>,,未定,<ruby>貞秀<rt>さだひで</rt></ruby>の<ruby>太刀<rt>たち</rt></ruby>,この<ruby>刀<rt>かたな</rt></ruby>、<ruby>脇坂安治<rt>わきざかやすはる</rt></ruby>が<ruby>持<rt>も</rt></ruby>ってるの<ruby>見<rt>み</rt></ruby>た……。<ruby>昔馴染<rt>むかしなじ</rt></ruby>みだったのね……。,未定,<ruby>黒<rt>くろ</rt></ruby><ruby>手<rt>て</rt></ruby><ruby>時代<rt>じだい</rt></ruby><ruby>塗<rt>まみれ</rt></ruby><ruby>唐冠<rt>とうかむり</rt></ruby><ruby>形<rt>けい</rt></ruby><ruby>兜<rt>かぶと</rt></ruby>,<ruby>背<rt>せ</rt></ruby>が<ruby>高<rt>たか</rt></ruby>かった<ruby>高<rt>こう</rt></ruby><ruby>虎<rt>とら</rt></ruby>は、このような<ruby>大<rt>おお</rt></ruby>きい<ruby>飾<rt>かざ</rt></ruby>りをつけていても<ruby>邪魔<rt>じゃま</rt></ruby>にならなかったようだ。,<ruby>四国<rt>しこく</rt></ruby><ruby>鎮圧<rt>ちんあつ</rt></ruby>,<ruby>貞秀<rt>さだひで</rt></ruby>の<ruby>太刀<rt>たち</rt></ruby>,<ruby>藤堂高虎<rt>とうどうたかとら</rt></ruby>さんは、どうして<ruby>東軍<rt>とうぐん</rt></ruby>についたの？,未定,<ruby>朝鮮<rt>ちょうせん</rt></ruby>の<ruby>役<rt>やく</rt></ruby>や<ruby>太閤<rt>たいこう</rt></ruby><ruby>秀吉<rt>ひでよし</rt></ruby><ruby>殿<rt>との</rt></ruby>の<ruby>死後<rt>しご</rt></ruby>に、<ruby>豊臣<rt>とよとみ</rt></ruby><ruby>家臣<rt>いえとみ</rt></ruby><ruby>団<rt>だん</rt></ruby>が<ruby>福島<rt>ふくしま</rt></ruby><ruby>正則<rt>まさのり</rt></ruby>らを<ruby>中心<rt>ちゅうしん</rt></ruby>とする<ruby>武断<rt>ぶだん</rt></ruby><ruby>派<rt>は</rt></ruby>と<ruby>石田三成<rt>いしだみつなり</rt></ruby>らを<ruby>中心<rt>ちゅうしん</rt></ruby>とする<ruby>文治<rt>ぶんち</rt></ruby><ruby>派<rt>は</rt></ruby>に<ruby>分<rt>わ</rt></ruby>かれていてな、<ruby>徳川<rt>とくがわ</rt></ruby><ruby>家康<rt>いえやす</rt></ruby><ruby>殿<rt>どの</rt></ruby>と<ruby>親交<rt>しんこう</rt></ruby>があったこともあって、<ruby>東軍<rt>とうぐん</rt></ruby>についたんだ。<ruby>長年<rt>ながねん</rt></ruby>、<ruby>主<rt>あるじ</rt></ruby>を<ruby>渡<rt>わた</rt></ruby>り<ruby>歩<rt>ある</rt></ruby>いてきた<ruby>勘<rt>かん</rt></ruby>というやつかな。,<ruby>高虎<rt>たかとら</rt></ruby>さんは<ruby>近江国<rt>おうみのくに</rt></ruby><ruby>出身<rt>しゅっしん</rt></ruby>だと<ruby>聞<rt>き</rt></ruby>いたけど……。,未定,よく<ruby>知<rt>し</rt></ruby>っておるな。わしは<ruby>関ヶ原<rt>せきがはら</rt></ruby>の<ruby>時<rt>とき</rt></ruby>、<ruby>同<rt>おな</rt></ruby>じ<ruby>近江国<rt>おうみのくに</rt></ruby><ruby>出身<rt>しゅっしん</rt></ruby>で<ruby>同郷<rt>どうきょう</rt></ruby>だった<ruby>脇坂安治<rt>わきざかやすはる</rt></ruby>たちを<ruby>寝返<rt>ねがえ</rt></ruby>りさせた。<ruby>共<rt>とも</rt></ruby>に<ruby>大谷吉継<rt>おおたによしつぐ</rt></ruby>を<ruby>攻撃<rt>こうげき</rt></ruby>もしたな。<ruby>忘<rt>わす</rt></ruby>れてはいけないのが、わしの<ruby>領地<rt>りょうち</rt></ruby>だった<ruby>伊予<rt>いよ</rt></ruby>に<ruby>攻<rt>せ</rt></ruby>めてきた<ruby>毛利<rt>もうり</rt></ruby><ruby>輝元<rt>てるもと</rt></ruby>の<ruby>兵<rt>へい</rt></ruby>を<ruby>撃退<rt>げきたい</rt></ruby>したことだ。,<ruby>戦<rt>たたか</rt></ruby>いは<ruby>関ヶ原<rt>せきがはら</rt></ruby>だけじゃなかったのね。<ruby>高虎<rt>たかとら</rt></ruby>さんは<ruby>関ヶ原<rt>せきがはら</rt></ruby>の<ruby>後<rt>あと</rt></ruby>、どうなったの？,未定,<ruby>功<rt>こう</rt></ruby>を<ruby>認<rt>みと</rt></ruby>められて、<ruby>安濃津<rt>あのつ</rt></ruby>に<ruby>加増<rt>かぞう</rt></ruby>されたぞ。<ruby>共<rt>とも</rt></ruby>に<ruby>戦<rt>たたか</rt></ruby>った<ruby>安治<rt>あじ</rt></ruby>の<ruby>分<rt>ぶん</rt></ruby>は、<ruby>減<rt>げん</rt></ruby><ruby>封<rt>ふう</rt></ruby>されないように<ruby>説得<rt>せっとく</rt></ruby>したことで、<ruby>貞秀<rt>さだひで</rt></ruby>の<ruby>太刀<rt>たち</rt></ruby>を<ruby>送<rt>おく</rt></ruby>られもしたな。わしの<ruby>領地<rt>りょうち</rt></ruby>の<ruby>安濃津<rt>あのつ</rt></ruby>は<ruby>三<rt>さん</rt></ruby><ruby>重<rt>じゅう</rt></ruby><ruby>県<rt>けん</rt></ruby>の<ruby>中心地<rt>ちゅうしんち</rt></ruby>になっていると<ruby>聞<rt>き</rt></ruby>く。,<ruby>同郷<rt>どうきょう</rt></ruby>の<ruby>士<rt>し</rt></ruby>である<ruby>安治<rt>あじ</rt></ruby>から<ruby>贈<rt>おく</rt></ruby>られたものを<ruby>答<rt>こた</rt></ruby>えてみよ。,<ruby>刑部<rt>おさべ</rt></ruby>よ、<ruby>病<rt>やまい</rt></ruby>を<ruby>押<rt>お</rt></ruby>して<ruby>出<rt>で</rt></ruby>てきたようだが、<ruby>周<rt>まわ</rt></ruby>りが<ruby>全<rt>すべ</rt></ruby>て<ruby>寝返<rt>ねがえ</rt></ruby>ればどうすることもできまい？,,<ruby>東軍<rt>とうぐん</rt></ruby>,,,,,,,,,
28,28,<ruby>白鷺<rt>しらさぎ</rt></ruby><ruby>宰相<rt>さいしょう</rt></ruby>,<ruby>池田<rt>いけだ</rt></ruby><ruby>輝政<rt>てるまさ</rt></ruby>,<ruby>戦国<rt>せんごく</rt></ruby>/<ruby>江戸時代<rt>えどじだい</rt></ruby>,<ruby>武士<rt>ぶし</rt></ruby>・<ruby>東軍<rt>とうぐん</rt></ruby>・<ruby>姫路<rt>ひめじ</rt></ruby><ruby>藩<rt>はん</rt></ruby>,,未定,<ruby>姫路城<rt>ひめじじょう</rt></ruby>,この<ruby>白<rt>しろ</rt></ruby>い<ruby>城<rt>しろ</rt></ruby>……<ruby>噂<rt>うわさ</rt></ruby>に<ruby>聞<rt>き</rt></ruby>く<ruby>姫路城<rt>ひめじじょう</rt></ruby>か。<ruby>世界<rt>せかい</rt></ruby><ruby>遺産<rt>いさん</rt></ruby>とか<ruby>言<rt>い</rt></ruby>うらしいな。,未定,<ruby>岐阜<rt>ぎふ</rt></ruby><ruby>禁制<rt>きんせい</rt></ruby>の<ruby>立<rt>た</rt></ruby>て<ruby>看板<rt>かんばん</rt></ruby>,<ruby>岐阜城<rt>ぎふじょう</rt></ruby>の<ruby>戦<rt>たたか</rt></ruby>いの<ruby>後<rt>あと</rt></ruby>、<ruby>輝政<rt>てるまさ</rt></ruby>は<ruby>乱暴<rt>らんぼう</rt></ruby><ruby>狼藉<rt>ろうぜき</rt></ruby>を<ruby>禁止<rt>きんし</rt></ruby>するお<ruby>触<rt>ふ</rt></ruby>れを<ruby>出<rt>だ</rt></ruby>したそうよ。,<ruby>岐阜<rt>ぎふ</rt></ruby><ruby>禁制<rt>きんせい</rt></ruby>,<ruby>督姫<rt>とくひめ</rt></ruby><ruby>輿入<rt>こしい</rt></ruby>れ,<ruby>池田<rt>いけだ</rt></ruby><ruby>輝政<rt>てるまさ</rt></ruby>さんは、どうして<ruby>東軍<rt>とうぐん</rt></ruby>についたんですか？,未定,ふふふふふ、それは<ruby>私<rt>わたし</rt></ruby>の<ruby>愛<rt>いと</rt></ruby>しき<ruby>嫁<rt>よめ</rt></ruby>が<ruby>徳川<rt>とくがわ</rt></ruby><ruby>家康<rt>いえやす</rt></ruby><ruby>殿<rt>どの</rt></ruby>の<ruby>娘<rt>むすめ</rt></ruby>だからだな。<ruby>亡<rt>な</rt></ruby>き<ruby>豊臣<rt>とよとみ</rt></ruby><ruby>秀吉<rt>ひでよし</rt></ruby><ruby>様<rt>さま</rt></ruby>からも<ruby>厚遇<rt>こうぐう</rt></ruby>されていたが、それは<ruby>石田三成<rt>いしだみつなり</rt></ruby><ruby>殿<rt>との</rt></ruby>たちとは<ruby>関係<rt>かんけい</rt></ruby>ないこと。<ruby>真<rt>ま</rt></ruby>っ<ruby>先<rt>さき</rt></ruby>に<ruby>東軍<rt>とうぐん</rt></ruby>に<ruby>与<rt>くみ</rt></ruby>したぞ。,ってことは、<ruby>関ヶ原<rt>せきがはら</rt></ruby>の<ruby>戦<rt>たたか</rt></ruby>いでも<ruby>活躍<rt>かつやく</rt></ruby>したんですか？,未定,いや、<ruby>私<rt>わたし</rt></ruby>は<ruby>戦<rt>たたか</rt></ruby>いに<ruby>参加<rt>さんか</rt></ruby>するというよりも、むしろ<ruby>殿<rt>との</rt></ruby>に<ruby>近<rt>ちか</rt></ruby>い<ruby>役割<rt>やくわり</rt></ruby>だったぞ。<ruby>家康<rt>いえやす</rt></ruby><ruby>殿<rt>どの</rt></ruby>たちが<ruby>布陣<rt>ふじん</rt></ruby>している<ruby>場所<rt>ばしょ</rt></ruby>の<ruby>後<rt>うし</rt></ruby>ろ、<ruby>南<rt>みなみ</rt></ruby><ruby>宮山<rt>みややま</rt></ruby>に<ruby>籠<rt>こも</rt></ruby>っていた<ruby>吉川<rt>きっかわ</rt></ruby><ruby>広家<rt>ひろいえ</rt></ruby><ruby>殿<rt>どの</rt></ruby>が<ruby>動<rt>うご</rt></ruby>かないよう<ruby>見張<rt>みは</rt></ruby>っていたのだ。,そういえば、<ruby>池田<rt>いけだ</rt></ruby><ruby>輝政<rt>てるまさ</rt></ruby>さんって<ruby>姫路城<rt>ひめじじょう</rt></ruby>で<ruby>有名<rt>ゆうめい</rt></ruby>ですよね？,未定,よく<ruby>知<rt>し</rt></ruby>っておるな。<ruby>嬉<rt>うれ</rt></ruby>しいぞ。<ruby>関ヶ原<rt>せきがはら</rt></ruby>での<ruby>功労<rt>こうろう</rt></ruby>から<ruby>播磨<rt>はりま</rt></ruby><ruby>国<rt>くに</rt></ruby>に<ruby>加増<rt>かぞう</rt></ruby><ruby>転封<rt>てんぽう</rt></ruby>となったのだ。そこで、<ruby>山陽<rt>さんよう</rt></ruby><ruby>道<rt>みち</rt></ruby>が<ruby>通<rt>とお</rt></ruby>る<ruby>姫路<rt>ひめじ</rt></ruby>を<ruby>政務<rt>せいむ</rt></ruby>の<ruby>中心地<rt>ちゅうしんち</rt></ruby>とするために、<ruby>城<rt>しろ</rt></ruby>を<ruby>大<rt>おお</rt></ruby>きく<ruby>改築<rt>かいちく</rt></ruby>したのだ。<ruby>今<rt>いま</rt></ruby>では<ruby>日本<rt>にほん</rt></ruby>の<ruby>城<rt>しろ</rt></ruby>で<ruby>唯<rt>ただ</rt></ruby><ruby>一<rt>いち</rt></ruby><ruby>世界<rt>せかい</rt></ruby><ruby>遺産<rt>いさん</rt></ruby>になっておるぞ。,<ruby>私<rt>わたし</rt></ruby>が<ruby>改築<rt>かいちく</rt></ruby>して、<ruby>世界<rt>せかい</rt></ruby><ruby>遺産<rt>いさん</rt></ruby>となった<ruby>城<rt>しろ</rt></ruby>はなんだ？,いたずらに<ruby>勝<rt>か</rt></ruby>ち<ruby>馬<rt>うま</rt></ruby>を<ruby>追<rt>お</rt></ruby>うのは<ruby>感心<rt>かんしん</rt></ruby>せんなぁ、<ruby>広家<rt>ひろいえ</rt></ruby><ruby>殿<rt>どの</rt></ruby>。,,<ruby>東軍<rt>とうぐん</rt></ruby>,,,,,,,,,
29,34,<ruby>忍従<rt>にんじゅう</rt></ruby>の<ruby>果<rt>は</rt></ruby>てに,<ruby>徳川<rt>とくがわ</rt></ruby><ruby>家康<rt>いえやす</rt></ruby>,<ruby>戦国<rt>せんごく</rt></ruby>/<ruby>江戸時代<rt>えどじだい</rt></ruby>,<ruby>武士<rt>ぶし</rt></ruby>・<ruby>東軍<rt>とうぐん</rt></ruby>・<ruby>征夷大将軍<rt>せいいたいしょうぐん</rt></ruby>,,未定,<ruby>厭離穢土<rt>えんりえど</rt></ruby><ruby>欣求浄土<rt>ごんぐじょうど</rt></ruby>,2023<ruby>年<rt>ねん</rt></ruby>の<ruby>大河<rt>たいが</rt></ruby><ruby>ドラマ<rt>どらま</rt></ruby>でも<ruby>度々<rt>たびたび</rt></ruby><ruby>出<rt>で</rt></ruby>てきたこのスローガンは<ruby>平和<rt>へいわ</rt></ruby>な<ruby>世<rt>よ</rt></ruby>に<ruby>生<rt>う</rt></ruby>まれ<ruby>変<rt>か</rt></ruby>わるという<ruby>意味<rt>いみ</rt></ruby>よ。,未定,<ruby>伊予<rt>いよ</rt></ruby><ruby>札<rt>さつ</rt></ruby><ruby>黒糸威<rt>くろいとおどし</rt></ruby><ruby>胴丸<rt>どうまる</rt></ruby><ruby>具足<rt>ぐそく</rt></ruby>,<ruby>家康<rt>いえやす</rt></ruby>の<ruby>鎧<rt>よろい</rt></ruby>は<ruby>何種類<rt>なんしゅるい</rt></ruby>か<ruby>伝<rt>つた</rt></ruby>わるが、<ruby>関ヶ原<rt>せきがはら</rt></ruby>の<ruby>時<rt>とき</rt></ruby>には、この<ruby>具<rt>ぐ</rt></ruby><ruby>足<rt>あし</rt></ruby>を<ruby>使<rt>つか</rt></ruby>っていたと<ruby>言<rt>い</rt></ruby>われる。,<ruby>上杉<rt>うえすぎ</rt></ruby><ruby>征伐<rt>せいばつ</rt></ruby>,<ruby>勝者<rt>しょうしゃ</rt></ruby>が<ruby>歴史<rt>れきし</rt></ruby>,<ruby>徳川<rt>とくがわ</rt></ruby><ruby>家康<rt>いえやす</rt></ruby>さんに<ruby>聞<rt>き</rt></ruby>きます。どうして<ruby>東軍<rt>とうぐん</rt></ruby>を<ruby>組織<rt>そしき</rt></ruby>したのですか？,未定,なかなか<ruby>難<rt>むずか</rt></ruby>しい<ruby>質問<rt>しつもん</rt></ruby>じゃな。たしかに<ruby>儂<rt>わし</rt></ruby>は<ruby>亡<rt>な</rt></ruby>き<ruby>太閤<rt>たいこう</rt></ruby><ruby>豊臣<rt>とよおみ</rt></ruby><ruby>秀吉<rt>ひでよし</rt></ruby>が<ruby>存命<rt>ぞんめい</rt></ruby>の<ruby>頃<rt>ころ</rt></ruby>から<ruby>天下<rt>てんか</rt></ruby>を<ruby>窺<rt>うかが</rt></ruby>ってはいたが、<ruby>石田三成<rt>いしだみつなり</rt></ruby>らと<ruby>対立<rt>たいりつ</rt></ruby>していた<ruby>訳<rt>わけ</rt></ruby>では<ruby>無<rt>な</rt></ruby>い。さしずめ、<ruby>武断<rt>ぶだん</rt></ruby><ruby>派<rt>は</rt></ruby>と<ruby>文治<rt>ぶんち</rt></ruby><ruby>派<rt>は</rt></ruby>の<ruby>対立<rt>たいりつ</rt></ruby>を<ruby>利用<rt>りよう</rt></ruby>して<ruby>天下<rt>てんか</rt></ruby>を<ruby>狙<rt>ねら</rt></ruby>った、というところじゃな。,なるほど……<ruby>東軍<rt>とうぐん</rt></ruby><ruby>諸<rt>しょ</rt></ruby><ruby>将<rt>しょう</rt></ruby>は<ruby>自分<rt>じぶん</rt></ruby>で<ruby>味方<rt>みかた</rt></ruby>につけた、と……。,未定,そういうことになるな。<ruby>野戦<rt>やせん</rt></ruby>が<ruby>得意<rt>とくい</rt></ruby>な<ruby>儂<rt>わし</rt></ruby>は<ruby>大垣城<rt>おおがきじょう</rt></ruby>に<ruby>籠<rt>こも</rt></ruby>る<ruby>三成<rt>みつなり</rt></ruby>を<ruby>関ヶ原<rt>せきがはら</rt></ruby>に<ruby>引<rt>ひ</rt></ruby>きずり<ruby>出<rt>だ</rt></ruby>し、<ruby>儂<rt>わし</rt></ruby>に<ruby>味方<rt>みかた</rt></ruby>した<ruby>諸<rt>しょ</rt></ruby><ruby>将<rt>しょう</rt></ruby>が<ruby>数々<rt>かずかず</rt></ruby>の<ruby>内応<rt>ないおう</rt></ruby><ruby>工作<rt>こうさく</rt></ruby>をしていたのを<ruby>知<rt>し</rt></ruby>っておったから、<ruby>儂<rt>わし</rt></ruby><ruby>自<rt>みずか</rt></ruby>ら<ruby>軍配<rt>ぐんばい</rt></ruby>を<ruby>取<rt>と</rt></ruby>って<ruby>戦<rt>たたか</rt></ruby>ったぞ。,<ruby>関ヶ原<rt>せきがはら</rt></ruby>は<ruby>家康<rt>いえやす</rt></ruby>さん<ruby>自<rt>みずか</rt></ruby>ら<ruby>掴<rt>つか</rt></ruby>み<ruby>取<rt>と</rt></ruby>った<ruby>勝利<rt>しょうり</rt></ruby>なんですね。,未定,<ruby>左様<rt>さよう</rt></ruby>。<ruby>関ヶ原<rt>せきがはら</rt></ruby>に<ruby>勝<rt>か</rt></ruby>ったことで<ruby>儂<rt>わし</rt></ruby>は<ruby>全国<rt>ぜんこく</rt></ruby>で<ruby>一<rt>いち</rt></ruby><ruby>番<rt>ばん</rt></ruby>の<ruby>権力<rt>けんりょく</rt></ruby>を<ruby>持<rt>も</rt></ruby>つことになったぞ。<ruby>戦功<rt>せんこう</rt></ruby>を<ruby>理由<rt>りゆう</rt></ruby>に<ruby>外様<rt>とざま</rt></ruby>を<ruby>要地<rt>ようち</rt></ruby>から<ruby>遠<rt>とお</rt></ruby>ざけ、<ruby>要地<rt>ようち</rt></ruby>は<ruby>譜代<rt>ふだい</rt></ruby>で<ruby>固<rt>かた</rt></ruby>める<ruby>差配<rt>さはい</rt></ruby>をして、<ruby>儂<rt>わし</rt></ruby>が<ruby>後<rt>あと</rt></ruby>に<ruby>開<rt>ひら</rt></ruby>く<ruby>江戸<rt>えど</rt></ruby><ruby>幕府<rt>ばくふ</rt></ruby>の<ruby>基礎<rt>きそ</rt></ruby>を<ruby>固<rt>かた</rt></ruby>めたりもしたな。,<ruby>関ヶ原<rt>せきがはら</rt></ruby>から3<ruby>年<rt>ねん</rt></ruby><ruby>後<rt>ご</rt></ruby>に<ruby>儂<rt>わし</rt></ruby>が<ruby>開<rt>ひら</rt></ruby>いたものはなんじゃ？,<ruby>不利<rt>ふり</rt></ruby>を<ruby>知<rt>し</rt></ruby>りながら、この<ruby>儂<rt>わし</rt></ruby>に<ruby>挑<rt>いど</rt></ruby>んでくるとはな…。<ruby>面白<rt>おもしろ</rt></ruby>い、<ruby>受<rt>う</rt></ruby>けて<ruby>立<rt>た</rt></ruby>つぞ<ruby>三成<rt>みつなり</rt></ruby>！,,<ruby>東軍<rt>とうぐん</rt></ruby>,,,,,,,,,
30,26,<ruby>若<rt>わか</rt></ruby>き<ruby>直鋒<rt>ちょくほう</rt></ruby>,<ruby>松平忠吉<rt>まつだいらただよし</rt></ruby>,<ruby>戦国<rt>せんごく</rt></ruby>/<ruby>江戸時代<rt>えどじだい</rt></ruby>,<ruby>武士<rt>ぶし</rt></ruby>・<ruby>東軍<rt>とうぐん</rt></ruby>・<ruby>尾張<rt>おわり</rt></ruby><ruby>藩<rt>はん</rt></ruby>,,未定,<ruby>父子<rt>ふし</rt></ruby>の<ruby>書状<rt>しょじょう</rt></ruby>,<ruby>忠吉<rt>ただよし</rt></ruby>は、お<ruby>父<rt>とう</rt></ruby>さんの<ruby>家康<rt>いえやす</rt></ruby>から<ruby>随分<rt>ずいぶん</rt></ruby><ruby>期待<rt>きたい</rt></ruby>されていたみたいね……。,未定,<ruby>銀箔<rt>ぎんぱく</rt></ruby><ruby>置<rt>おき</rt></ruby><ruby>白糸<rt>しらいと</rt></ruby><ruby>威<rt>い</rt></ruby><ruby>具足<rt>ぐそく</rt></ruby>,<ruby>忠吉<rt>ただよし</rt></ruby>は<ruby>珍<rt>めずら</rt></ruby>しく、<ruby>銀色<rt>ぎんいろ</rt></ruby>に<ruby>輝<rt>かがや</rt></ruby>く<ruby>具足<rt>ぐそく</rt></ruby>を<ruby>身<rt>み</rt></ruby>につけていたようだ。,<ruby>白銀<rt>はくぎん</rt></ruby>の<ruby>初撃<rt>しょげき</rt></ruby>,<ruby>父子<rt>ふし</rt></ruby>の<ruby>書状<rt>しょじょう</rt></ruby>,<ruby>忠吉<rt>ただよし</rt></ruby>さんは、どうして<ruby>東軍<rt>とうぐん</rt></ruby>に？,未定,<ruby>私<rt>わたし</rt></ruby>は<ruby>名字<rt>みょうじ</rt></ruby>こそ<ruby>違<rt>ちが</rt></ruby>えど、かの<ruby>徳川<rt>とくがわ</rt></ruby><ruby>家康<rt>いえやす</rt></ruby>の<ruby>息子<rt>むすこ</rt></ruby>なのです。<ruby>兄弟<rt>きょうだい</rt></ruby>の<ruby>中<rt>なか</rt></ruby>では<ruby>最<rt>もっと</rt></ruby>も<ruby>勇猛果敢<rt>ゆうもうかかん</rt></ruby>でありながら<ruby>冷静<rt>れいせい</rt></ruby><ruby>沈着<rt>ちんちゃく</rt></ruby>だったことから<ruby>直々<rt>じきじき</rt></ruby>に<ruby>書状<rt>しょじょう</rt></ruby>を<ruby>渡<rt>わた</rt></ruby>されるほど<ruby>期待<rt>きたい</rt></ruby>されていたのですよ。,<ruby>忠吉<rt>ただよし</rt></ruby>さんといえば、<ruby>福島<rt>ふくしま</rt></ruby><ruby>正則<rt>まさのり</rt></ruby>や<ruby>井伊直政<rt>いいなおまさ</rt></ruby>さんと<ruby>先陣<rt>せんじん</rt></ruby><ruby>争<rt>あらそ</rt></ruby>いをしたんでしょ？,未定,そうですよ。まだ<ruby>若<rt>わか</rt></ruby>かった<ruby>私<rt>わたし</rt></ruby>は<ruby>関ヶ原<rt>せきがはら</rt></ruby>が<ruby>初陣<rt>ういじん</rt></ruby>だったのですが、<ruby>福島<rt>ふくしま</rt></ruby><ruby>正則<rt>まさのり</rt></ruby>さんや<ruby>舅<rt>しゅうと</rt></ruby>の<ruby>井伊直政<rt>いいなおまさ</rt></ruby><ruby>殿<rt>どの</rt></ruby>と<ruby>霧<rt>きり</rt></ruby>の<ruby>中<rt>なか</rt></ruby>で<ruby>先陣<rt>せんじん</rt></ruby><ruby>争<rt>あらそ</rt></ruby>いをしました。<ruby>戦<rt>たたか</rt></ruby>いを<ruby>通<rt>とお</rt></ruby>して<ruby>戦<rt>たたか</rt></ruby>い<ruby>続<rt>つづ</rt></ruby>けたのですが、<ruby>最後<rt>さいご</rt></ruby>、<ruby>島津豊久<rt>しまづとよひさ</rt></ruby>の<ruby>決死<rt>けっし</rt></ruby>の<ruby>攻撃<rt>こうげき</rt></ruby>で<ruby>負傷<rt>ふしょう</rt></ruby>させられてしまいましたね……。,え？  <ruby>大丈夫<rt>だいじょうぶ</rt></ruby>だったの？,未定,ええ……その<ruby>時<rt>とき</rt></ruby>は……。<ruby>関ヶ原<rt>せきがはら</rt></ruby>での<ruby>軍功<rt>ぐんこう</rt></ruby>から、いわゆる<ruby>尾張<rt>おわり</rt></ruby><ruby>藩<rt>はん</rt></ruby>の<ruby>初代<rt>しょだい</rt></ruby><ruby>藩主<rt>はんしゅ</rt></ruby>に<ruby>任<rt>にん</rt></ruby>じられたんです。その<ruby>時<rt>とき</rt></ruby>はまだ<ruby>信長<rt>のぶなが</rt></ruby><ruby>公<rt>こう</rt></ruby>が<ruby>拠点<rt>きょてん</rt></ruby>にしていた<ruby>清須<rt>きよす</rt></ruby>に<ruby>街<rt>まち</rt></ruby>があったんですよ。……でも、<ruby>結局<rt>けっきょく</rt></ruby><ruby>関ヶ原<rt>せきがはら</rt></ruby>での<ruby>傷<rt>きず</rt></ruby>が<ruby>元<rt>もと</rt></ruby>で<ruby>早死<rt>はやじに</rt></ruby>することになってしまいました……。,<ruby>私<rt>わたし</rt></ruby>の<ruby>鎧<rt>よろい</rt></ruby>の<ruby>色<rt>いろ</rt></ruby>は<ruby>何色<rt>なにいろ</rt></ruby>だったか、<ruby>分<rt>わ</rt></ruby>かりますか？,<ruby>舅<rt>しゅうと</rt></ruby><ruby>殿<rt>どの</rt></ruby>！この<ruby>忠吉<rt>ただよし</rt></ruby>、<ruby>徳川<rt>とくがわ</rt></ruby>の<ruby>先鋒<rt>せんぽう</rt></ruby>の<ruby>役目<rt>やくめ</rt></ruby>、<ruby>立派<rt>りっぱ</rt></ruby>にやり<ruby>遂<rt>と</rt></ruby>げて<ruby>見<rt>み</rt></ruby>せましょうぞ！,,<ruby>東軍<rt>とうぐん</rt></ruby>,,,,,,,,,
31,33,<ruby>百世<rt>ももよ</rt></ruby>の<ruby>鑑<rt>かがみ</rt></ruby>,<ruby>井伊直政<rt>いいなおまさ</rt></ruby>,<ruby>戦国時代<rt>せんごくじだい</rt></ruby>,<ruby>武士<rt>ぶし</rt></ruby>・<ruby>東軍<rt>とうぐん</rt></ruby>・<ruby>彦根<rt>ひこね</rt></ruby><ruby>藩<rt>はん</rt></ruby>,,未定,<ruby>友<rt>とも</rt></ruby>から<ruby>借<rt>か</rt></ruby>りた<ruby>兵<rt>へい</rt></ruby>,<ruby>急遽<rt>きゅうきょ</rt></ruby><ruby>出撃<rt>しゅつげき</rt></ruby>することになった<ruby>直政<rt>なおまさ</rt></ruby>は、<ruby>長年<rt>ながねん</rt></ruby>の<ruby>仲間<rt>なかま</rt></ruby>、<ruby>本多忠勝<rt>ほんだただかつ</rt></ruby>から<ruby>兵<rt>へい</rt></ruby>を<ruby>借<rt>か</rt></ruby>りたそうだ。,未定,<ruby>天衝<rt>てんつき</rt></ruby><ruby>脇立<rt>わきだち</rt></ruby><ruby>兜<rt>かぶと</rt></ruby><ruby>朱塗<rt>しゅぬり</rt></ruby><ruby>二<rt>に</rt></ruby><ruby>枚<rt>びら</rt></ruby><ruby>胴<rt>どう</rt></ruby><ruby>具足<rt>ぐそく</rt></ruby>,<ruby>直政<rt>なおまさ</rt></ruby>は<ruby>軍装<rt>ぐんそう</rt></ruby>を<ruby>赤<rt>あか</rt></ruby>で<ruby>統<rt>むね</rt></ruby><ruby>一<rt>いち</rt></ruby>した、<ruby>井伊<rt>いい</rt></ruby>の<ruby>赤備<rt>あかぞな</rt></ruby>えと<ruby>呼<rt>よ</rt></ruby>ばれる<ruby>部隊<rt>ぶたい</rt></ruby>を<ruby>率<rt>ひき</rt></ruby>いていた。,<ruby>疾風<rt>しっぷう</rt></ruby><ruby>赤備<rt>あかぞな</rt></ruby>え,<ruby>満身<rt>まんしん</rt></ruby><ruby>功名<rt>こうみょう</rt></ruby>,<ruby>直政<rt>なおまさ</rt></ruby>さんは、どうして<ruby>東軍<rt>とうぐん</rt></ruby>に？,未定,<ruby>徳川<rt>とくがわ</rt></ruby><ruby>四<rt>よん</rt></ruby><ruby>天王<rt>てんのう</rt></ruby>と<ruby>呼<rt>よ</rt></ruby>ばれた<ruby>拙者<rt>せっしゃ</rt></ruby>は、<ruby>元々<rt>もともと</rt></ruby>は<ruby>外様<rt>とざま</rt></ruby>だったのでござるが、<ruby>二<rt>に</rt></ruby><ruby>十<rt>じゅう</rt></ruby><ruby>五<rt>ご</rt></ruby><ruby>年<rt>とし</rt></ruby>の<ruby>長<rt>なが</rt></ruby>きにわたって<ruby>功<rt>こう</rt></ruby>を<ruby>挙<rt>あ</rt></ruby>げて<ruby>譜代<rt>ふだい</rt></ruby>になったのでござるよ。<ruby>譜代<rt>ふだい</rt></ruby>の<ruby>筆頭<rt>ひっとう</rt></ruby>として<ruby>関ヶ原<rt>せきがはら</rt></ruby>に<ruby>向<rt>む</rt></ruby>かったのでござる。,<ruby>関ヶ原<rt>せきがはら</rt></ruby>では、<ruby>先鋒<rt>せんぽう</rt></ruby>を<ruby>争<rt>あらそ</rt></ruby>ったんだよね？,未定,いかにも。<ruby>関ヶ原<rt>せきがはら</rt></ruby>では<ruby>譜代<rt>ふだい</rt></ruby>の<ruby>筆頭<rt>ひっとう</rt></ruby>として<ruby>誰<rt>だれ</rt></ruby>よりも<ruby>功<rt>こう</rt></ruby>を<ruby>挙<rt>あ</rt></ruby>げるべく、<ruby>先陣<rt>せんじん</rt></ruby>から<ruby>殿<rt>との</rt></ruby>まで<ruby>果<rt>は</rt></ruby>たしてござる。<ruby>関ヶ原<rt>せきがはら</rt></ruby>を<ruby>駆<rt>か</rt></ruby>け<ruby>巡<rt>めぐ</rt></ruby>った<ruby>拙者<rt>せっしゃ</rt></ruby>には、<ruby>護衛<rt>ごえい</rt></ruby>もついてくるのがやっとでござった。<ruby>赤備<rt>あかぞな</rt></ruby>えもまだまだでござるな。<ruby>鍛<rt>きた</rt></ruby>え<ruby>直<rt>なお</rt></ruby>さねば。,<ruby>井伊<rt>いい</rt></ruby>といえば、<ruby>彦根城<rt>ひこねじょう</rt></ruby>だよね？,未定,よく<ruby>知<rt>し</rt></ruby>っているでござるな。<ruby>石田三成<rt>いしだみつなり</rt></ruby>が<ruby>居城<rt>きょじょう</rt></ruby>にしていた<ruby>佐和山<rt>さわやま</rt></ruby><ruby>城<rt>しろ</rt></ruby>に<ruby>転封<rt>てんぽう</rt></ruby>になったでござる。この<ruby>地<rt>ち</rt></ruby>は<ruby>後<rt>あと</rt></ruby>に<ruby>彦根城<rt>ひこねじょう</rt></ruby>に<ruby>建<rt>た</rt></ruby>て<ruby>替<rt>か</rt></ruby>えられるのでのござるよ。もっとも、<ruby>日頃<rt>ひごろ</rt></ruby>の<ruby>疲<rt>つか</rt></ruby>れからか、それを<ruby>見<rt>み</rt></ruby>る<ruby>前<rt>まえ</rt></ruby>に、この<ruby>世<rt>よ</rt></ruby>を<ruby>去<rt>さ</rt></ruby>ってしまったのでござるが……。,<ruby>拙者<rt>せっしゃ</rt></ruby>の<ruby>井伊<rt>いい</rt></ruby><ruby>隊<rt>たい</rt></ruby>は<ruby>何色<rt>なにいろ</rt></ruby>の<ruby>軍装<rt>ぐんそう</rt></ruby>が<ruby>特徴<rt>とくちょう</rt></ruby>だったか<ruby>分<rt>わ</rt></ruby>かるでござるか？,<ruby>徳川<rt>とくがわ</rt></ruby>の<ruby>先鋒<rt>せんぽう</rt></ruby>は<ruby>常<rt>つね</rt></ruby>に<ruby>井伊<rt>いい</rt></ruby>であるべし。<ruby>外様<rt>とざま</rt></ruby>に<ruby>譲<rt>ゆず</rt></ruby>る<ruby>訳<rt>わけ</rt></ruby>には<ruby>参<rt>まい</rt></ruby>らぬ！,,<ruby>東軍<rt>とうぐん</rt></ruby>,,,,,,,,,
32,29,<ruby>無敵<rt>むてき</rt></ruby>の<ruby>寡<rt>か</rt></ruby><ruby>戦<rt>せん</rt></ruby>,<ruby>本多忠勝<rt>ほんだただかつ</rt></ruby>,<ruby>戦国<rt>せんごく</rt></ruby>/<ruby>江戸時代<rt>えどじだい</rt></ruby>,<ruby>武士<rt>ぶし</rt></ruby>・<ruby>東軍<rt>とうぐん</rt></ruby>・<ruby>桑名<rt>くわな</rt></ruby><ruby>藩<rt>はん</rt></ruby>,,未定,<ruby>友<rt>とも</rt></ruby>に<ruby>兵<rt>へい</rt></ruby>を<ruby>貸<rt>か</rt></ruby>す,<ruby>忠勝<rt>ただかつ</rt></ruby>は<ruby>病気<rt>びょうき</rt></ruby>だけど<ruby>出撃<rt>しゅつげき</rt></ruby>しようとする<ruby>井伊直政<rt>いいなおまさ</rt></ruby>に、<ruby>自分<rt>じぶん</rt></ruby>の<ruby>兵<rt>へい</rt></ruby>を<ruby>貸<rt>か</rt></ruby>してあげたんだって……。,未定,<ruby>鹿角<rt>かづの</rt></ruby><ruby>脇立<rt>わきだち</rt></ruby><ruby>兜<rt>かぶと</rt></ruby>と<ruby>金<rt>きん</rt></ruby>の<ruby>数珠<rt>じゅず</rt></ruby>,その<ruby>名<rt>な</rt></ruby>の<ruby>通<rt>とお</rt></ruby>り、<ruby>鹿<rt>しか</rt></ruby>の<ruby>角<rt>つの</rt></ruby>のような<ruby>脇立<rt>わきだち</rt></ruby>が<ruby>特徴的<rt>とくちょうてき</rt></ruby>だな。<ruby>金<rt>きん</rt></ruby>の<ruby>数珠<rt>じゅず</rt></ruby>からは<ruby>強<rt>つよ</rt></ruby>い<ruby>信仰心<rt>しんこうしん</rt></ruby>が<ruby>伺<rt>うかが</rt></ruby>える。,<ruby>三国黒<rt>みくにぐろ</rt></ruby>,<ruby>歴戦<rt>れきせん</rt></ruby>の<ruby>友<rt>とも</rt></ruby>,<ruby>本多忠勝<rt>ほんだただかつ</rt></ruby>さんは、どうして<ruby>東軍<rt>とうぐん</rt></ruby>についたの？,未定,<ruby>俺<rt>おれ</rt></ruby>は、<ruby>井伊直政<rt>いいなおまさ</rt></ruby>の<ruby>野郎<rt>やろう</rt></ruby>と<ruby>並<rt>なら</rt></ruby>んで<ruby>徳川<rt>とくがわ</rt></ruby><ruby>四<rt>よん</rt></ruby><ruby>天王<rt>てんのう</rt></ruby>だからな。<ruby>特<rt>とく</rt></ruby>に<ruby>俺<rt>おれ</rt></ruby>の<ruby>家<rt>いえ</rt></ruby>は<ruby>昔<rt>むかし</rt></ruby>っから<ruby>徳川<rt>とくがわ</rt></ruby><ruby>家康<rt>いえやす</rt></ruby><ruby>様<rt>さま</rt></ruby>の<ruby>配下<rt>はいか</rt></ruby>だったからよ、<ruby>家康<rt>いえやす</rt></ruby><ruby>様<rt>さま</rt></ruby>についていく<ruby>以外<rt>いがい</rt></ruby>に<ruby>考<rt>かんが</rt></ruby>えはないってもんだな。<ruby>中山道<rt>なかせんどう</rt></ruby>の<ruby>方<rt>ほう</rt></ruby>は<ruby>康政<rt>やすまさ</rt></ruby>に<ruby>任<rt>まか</rt></ruby>せてな。,<ruby>忠勝<rt>ただかつ</rt></ruby>さんは、<ruby>関ヶ原<rt>せきがはら</rt></ruby>でどんな<ruby>活躍<rt>かつやく</rt></ruby>をしたの？,未定,まずは<ruby>直政<rt>なおまさ</rt></ruby>と<ruby>協力<rt>きょうりょく</rt></ruby>して<ruby>西軍<rt>せいぐん</rt></ruby>のヤツらに<ruby>寝返<rt>ねがえ</rt></ruby>りの<ruby>書状<rt>しょじょう</rt></ruby>を<ruby>送<rt>おく</rt></ruby>ったことだな。<ruby>戦<rt>たたか</rt></ruby>いそのものは、<ruby>病気<rt>びょうき</rt></ruby>なのに<ruby>関ヶ原<rt>せきがはら</rt></ruby>に<ruby>行<rt>い</rt></ruby>こうとする<ruby>直政<rt>なおまさ</rt></ruby>に<ruby>兵<rt>へい</rt></ruby>を<ruby>貸<rt>か</rt></ruby>したから、<ruby>大<rt>たい</rt></ruby>した<ruby>活躍<rt>かつやく</rt></ruby>は<ruby>出来<rt>でき</rt></ruby>なかったが、500<ruby>人<rt>にん</rt></ruby>で90も<ruby>首級<rt>しゅきゅう</rt></ruby>を<ruby>挙<rt>あ</rt></ruby>げてやったぞ。,<ruby>凄<rt>すご</rt></ruby>いわ<ruby>忠勝<rt>ただかつ</rt></ruby>さん！  <ruby>関ヶ原<rt>せきがはら</rt></ruby>の<ruby>後<rt>あと</rt></ruby>はどうなったの？,未定,<ruby>旧領<rt>きゅうりょう</rt></ruby>の<ruby>大多喜<rt>おおたき</rt></ruby>は<ruby>息子<rt>むすこ</rt></ruby>の<ruby>忠朝<rt>ただとも</rt></ruby>にやり、<ruby>俺<rt>おれ</rt></ruby>は<ruby>桑名<rt>くわな</rt></ruby>に<ruby>転封<rt>てんぽう</rt></ruby>になったぞ。<ruby>桑名<rt>くわな</rt></ruby>に<ruby>行<rt>い</rt></ruby>ってからは、<ruby>老<rt>お</rt></ruby>い<ruby>先<rt>さき</rt></ruby><ruby>長<rt>なが</rt></ruby>くないと<ruby>思<rt>おも</rt></ruby>って<ruby>桑名<rt>くわな</rt></ruby>に<ruby>集中<rt>しゅうちゅう</rt></ruby>することにしてな。<ruby>東海道<rt>とうかいどう</rt></ruby>の<ruby>宿場<rt>しゅくば</rt></ruby>として<ruby>整備<rt>せいび</rt></ruby>してやったぞ。お<ruby>伊勢参<rt>いせまい</rt></ruby>りってのが<ruby>流行<rt>はや</rt></ruby>ったらしいな。,<ruby>俺<rt>おれ</rt></ruby>が<ruby>肩<rt>かた</rt></ruby>から<ruby>提<rt>さ</rt></ruby>げていたのは<ruby>何<rt>なに</rt></ruby>か、<ruby>答<rt>こた</rt></ruby>えてみろ！,<ruby>病身<rt>びょうしん</rt></ruby>でも<ruby>大戦<rt>たいせん</rt></ruby>に<ruby>臨<rt>のぞ</rt></ruby>まんとする、その<ruby>心意気<rt>こころいき</rt></ruby>や<ruby>良<rt>よ</rt></ruby>し！<ruby>直政<rt>なおまさ</rt></ruby>よ、<ruby>俺<rt>おれ</rt></ruby>の<ruby>兵<rt>へい</rt></ruby>を<ruby>連<rt>つ</rt></ruby>れて<ruby>行<rt>い</rt></ruby>け！,,<ruby>東軍<rt>とうぐん</rt></ruby>,,,,,,,,,
33,22,<ruby>蜻蛉<rt>とんぼ</rt></ruby>は<ruby>酒虫<rt>しゅちゅう</rt></ruby>か,<ruby>本多忠朝<rt>ほんだただとも</rt></ruby>,<ruby>戦国<rt>せんごく</rt></ruby>/<ruby>江戸時代<rt>えどじだい</rt></ruby>,<ruby>武士<rt>ぶし</rt></ruby>・<ruby>東軍<rt>とうぐん</rt></ruby>・<ruby>大多喜<rt>おおたき</rt></ruby><ruby>藩<rt>はん</rt></ruby>,,未定,<ruby>酒<rt>さけ</rt></ruby>の<ruby>瓶<rt>びん</rt></ruby>(かめ),アナタ、<ruby>酒<rt>さけ</rt></ruby>は<ruby>呑<rt>の</rt></ruby>み<ruby>過<rt>す</rt></ruby>ぎると<ruby>後<rt>あと</rt></ruby>で<ruby>大変<rt>たいへん</rt></ruby>なことになるわよ？,未定,<ruby>鹿<rt>か</rt></ruby>の<ruby>子<rt>こ</rt></ruby>,ふふふ、<ruby>君<rt>きみ</rt></ruby>、しかのこなのね……。,<ruby>無敵<rt>むてき</rt></ruby>を<ruby>懸<rt>か</rt></ruby>けた<ruby>初陣<rt>ういじん</rt></ruby>,ー,<ruby>本多忠朝<rt>ほんだただとも</rt></ruby>さんは、どうして<ruby>東軍<rt>とうぐん</rt></ruby>についたの？,未定,おいらは<ruby>無敵<rt>むてき</rt></ruby>と<ruby>呼<rt>よ</rt></ruby>ばれたあの<ruby>本多忠勝<rt>ほんだただかつ</rt></ruby>の<ruby>息子<rt>むすこ</rt></ruby>だかんな、<ruby>親父<rt>おやじ</rt></ruby>に<ruby>付<rt>つ</rt></ruby>いて<ruby>来<rt>き</rt></ruby>いって<ruby>言<rt>い</rt></ruby>われたら<ruby>行<rt>い</rt></ruby>くっきゃないって<ruby>訳<rt>わけ</rt></ruby>さ。<ruby>親父<rt>おやじ</rt></ruby>についていれば<ruby>勝利<rt>しょうり</rt></ruby>は<ruby>間違<rt>まちが</rt></ruby>いないもんな！,…………<ruby>関ヶ原<rt>せきがはら</rt></ruby>では、どんな<ruby>活躍<rt>かつやく</rt></ruby>をしたの？,未定,おいらは<ruby>実<rt>じつ</rt></ruby>はこの<ruby>戦<rt>たたか</rt></ruby>いが<ruby>初陣<rt>ういじん</rt></ruby>だったんだ。<ruby>親父<rt>おやじ</rt></ruby>は<ruby>井伊直政<rt>いいなおまさ</rt></ruby>さんに<ruby>兵<rt>へい</rt></ruby>を<ruby>貸<rt>か</rt></ruby>しちゃったから、おいらたちの<ruby>兵<rt>へい</rt></ruby>は<ruby>少<rt>すく</rt></ruby>なかったけど、それでも<ruby>敵<rt>てき</rt></ruby>をバッタバッタと<ruby>薙<rt>な</rt></ruby>ぎ<ruby>倒<rt>たお</rt></ruby>してやったんだぜ！  さ、ささ<ruby>酒<rt>さけ</rt></ruby>は<ruby>呑<rt>の</rt></ruby>んでないよ！,……<ruby>怪<rt>あや</rt></ruby>しい……。それで、<ruby>関ヶ原<rt>せきがはら</rt></ruby>の<ruby>後<rt>あと</rt></ruby>は？,未定,おいらは<ruby>親父<rt>おやじ</rt></ruby>の<ruby>旧領<rt>きゅうりょう</rt></ruby>、<ruby>大多喜<rt>おおたき</rt></ruby>をもらったんだぜ。んで、<ruby>関ヶ原<rt>せきがはら</rt></ruby>の14<ruby>年<rt>ねん</rt></ruby><ruby>後<rt>ご</rt></ruby>、<ruby>大坂<rt>おおさか</rt></ruby>の<ruby>陣<rt>じん</rt></ruby>に<ruby>徳川<rt>とくがわ</rt></ruby>を<ruby>代表<rt>だいひょう</rt></ruby>する<ruby>武将<rt>ぶしょう</rt></ruby>として<ruby>出撃<rt>しゅつげき</rt></ruby>するんだけど……、どうなったかは<ruby>酔<rt>よ</rt></ruby>っ<ruby>払<rt>ぱら</rt></ruby>ってて<ruby>覚<rt>おぼ</rt></ruby>えてないや！,おいらの<ruby>手<rt>て</rt></ruby>に<ruby>持<rt>も</rt></ruby>ってる、コレはなーんだ？,<ruby>無敵<rt>むてき</rt></ruby>の<ruby>親父<rt>おやじ</rt></ruby>の<ruby>息子<rt>むすこ</rt></ruby>なんだ、こんな<ruby>戦<rt>いくさ</rt></ruby>、<ruby>酒<rt>さけ</rt></ruby>を<ruby>呑<rt>の</rt></ruby>んでても<ruby>余裕<rt>よゆう</rt></ruby>だい！,,<ruby>東軍<rt>とうぐん</rt></ruby>,,,,,,,,,
34,18,<ruby>日陰<rt>ひかげ</rt></ruby>の<ruby>影<rt>かげ</rt></ruby><ruby>擬<rt>もど</rt></ruby>き,<ruby>本多<rt>ほんだ</rt></ruby><ruby>正純<rt>まさずみ</rt></ruby>,<ruby>戦国<rt>せんごく</rt></ruby>/<ruby>江戸時代<rt>えどじだい</rt></ruby>,<ruby>武士<rt>ぶし</rt></ruby>・<ruby>東軍<rt>とうぐん</rt></ruby>・<ruby>宇都宮<rt>うつのみや</rt></ruby><ruby>藩<rt>はん</rt></ruby>,,未定,<ruby>日陰<rt>ひかげ</rt></ruby>の<ruby>未来<rt>みらい</rt></ruby>？,アナタ、<ruby>遠<rt>とお</rt></ruby>い<ruby>未来<rt>みらい</rt></ruby>で、<ruby>何<rt>なに</rt></ruby>か<ruby>大<rt>おお</rt></ruby>きな<ruby>過<rt>あやま</rt></ruby>ちをしそうね。<ruby>気<rt>き</rt></ruby>をつけた<ruby>方<rt>ほう</rt></ruby>がいいわ。,未定,<ruby>父<rt>ちち</rt></ruby>とよく<ruby>似<rt>に</rt></ruby>た<ruby>子<rt>こ</rt></ruby>,この<ruby>格好<rt>かっこう</rt></ruby>……<ruby>岡崎<rt>おかざき</rt></ruby>で<ruby>見<rt>み</rt></ruby>たことあるな。<ruby>正信<rt>しょうしん</rt></ruby>の<ruby>子<rt>こ</rt></ruby>か。,<ruby>加増<rt>かぞう</rt></ruby>は<ruby>三万石<rt>さんまんごく</rt></ruby>まで,ー,<ruby>本多<rt>ほんだ</rt></ruby><ruby>正純<rt>まさずみ</rt></ruby>さんは、どうして<ruby>東軍<rt>とうぐん</rt></ruby>についたんですか？,未定,<ruby>私<rt>わたし</rt></ruby>の<ruby>父<rt>ちち</rt></ruby>は<ruby>本多正信<rt>ほんだまさのぶ</rt></ruby>というのですが、<ruby>過去<rt>かこ</rt></ruby>に<ruby>一<rt>いち</rt></ruby><ruby>向<rt>むき</rt></ruby><ruby>一<rt>いち</rt></ruby><ruby>揆<rt>き</rt></ruby>があった<ruby>時<rt>とき</rt></ruby>に<ruby>裏切<rt>うらぎ</rt></ruby>ったりもしているのです。それでもかの<ruby>徳川<rt>とくがわ</rt></ruby><ruby>家康<rt>いえやす</rt></ruby><ruby>様<rt>さま</rt></ruby>は<ruby>許<rt>ゆる</rt></ruby>して<ruby>下<rt>くだ</rt></ruby>さり、<ruby>我<rt>われ</rt></ruby>ら<ruby>親子<rt>おやこ</rt></ruby>を<ruby>傍<rt>そば</rt></ruby>に<ruby>置<rt>お</rt></ruby>いてくれた……。その<ruby>恩<rt>おん</rt></ruby>に<ruby>報<rt>むく</rt></ruby>いようとしたのです。,なるほど……、<ruby>関ヶ原<rt>せきがはら</rt></ruby>ではどんな<ruby>活躍<rt>かつやく</rt></ruby>を？,未定,お<ruby>恥<rt>は</rt></ruby>ずかしながら、<ruby>私<rt>わたし</rt></ruby>は<ruby>父<rt>ちち</rt></ruby>が<ruby>中山道<rt>なかせんどう</rt></ruby>の<ruby>秀忠<rt>ひでただ</rt></ruby><ruby>様<rt>さま</rt></ruby>の<ruby>補佐<rt>ほさ</rt></ruby>に<ruby>向<rt>む</rt></ruby>かったので、<ruby>代<rt>か</rt></ruby>わりに<ruby>家康<rt>いえやす</rt></ruby><ruby>様<rt>さま</rt></ruby>の<ruby>本陣<rt>ほんじん</rt></ruby>に<ruby>居<rt>い</rt></ruby>ただけで、<ruby>何<rt>なに</rt></ruby>の<ruby>活躍<rt>かつやく</rt></ruby>も<ruby>出来<rt>でき</rt></ruby>なかったのです。でも、<ruby>戦後<rt>せんご</rt></ruby>、<ruby>石田三成<rt>いしだみつなり</rt></ruby>の<ruby>身柄<rt>みがら</rt></ruby>を<ruby>預<rt>あず</rt></ruby>かったりしたりしたんですよ。,……もしかして、<ruby>家康<rt>いえやす</rt></ruby>さんからの<ruby>信頼<rt>しんらい</rt></ruby><ruby>厚<rt>あつ</rt></ruby>かったんじゃないですか？,未定,よくわかったね。<ruby>父<rt>ちち</rt></ruby><ruby>共々<rt>ともども</rt></ruby><ruby>家康<rt>いえやす</rt></ruby><ruby>様<rt>さま</rt></ruby>には<ruby>重用<rt>ちょうよう</rt></ruby>して<ruby>頂<rt>いただ</rt></ruby>いて、<ruby>下野<rt>げや</rt></ruby><ruby>国<rt>くに</rt></ruby>に<ruby>所領<rt>しょりょう</rt></ruby>を<ruby>頂<rt>いただ</rt></ruby>いたよ。でも、<ruby>周<rt>まわ</rt></ruby>りから<ruby>嫉妬<rt>しっと</rt></ruby>されることも<ruby>多<rt>おお</rt></ruby>くて、そのせいで<ruby>失脚<rt>しっきゃく</rt></ruby>させられちゃうんだよね……。<ruby>父上<rt>ちちうえ</rt></ruby>……<ruby>言<rt>い</rt></ruby>いつけを<ruby>守<rt>まも</rt></ruby>れず、<ruby>何<rt>なん</rt></ruby>と<ruby>言<rt>い</rt></ruby>い<ruby>訳<rt>わけ</rt></ruby>していいのか……。,<ruby>私<rt>わたし</rt></ruby>の<ruby>父<rt>ちち</rt></ruby>は<ruby>誰<rt>だれ</rt></ruby>か、<ruby>分<rt>わ</rt></ruby>かるかい？,<ruby>秀忠<rt>ひでただ</rt></ruby><ruby>様<rt>さま</rt></ruby>の<ruby>遅参<rt>ちさん</rt></ruby>は<ruby>我<rt>わ</rt></ruby>が<ruby>父<rt>ちち</rt></ruby>の<ruby>責<rt>せめ</rt></ruby>ゆえ、<ruby>我<rt>われ</rt></ruby>ら<ruby>親子<rt>おやこ</rt></ruby>を<ruby>罰<rt>ばっ</rt></ruby>し<ruby>賜<rt>たまわ</rt></ruby>りますよう…。,,<ruby>東軍<rt>とうぐん</rt></ruby>,,,,,,,,,
